id,place_name,category,rating,sentiment,sentiment_score,text,label
1,The Luigans Spa＆Resort,호텔,2,부정,0.560534,저녁 식사로 이용했습니다. 음료를 부탁하지 않으면 분명히 점원의 태도가 바뀌어서 유감이었습니다. 그 밖에도 이용하려고 생각했습니다만. . . 죄송합니다.,부정
2,그랜드 머큐어 벳푸완 리조트 & 스파,료칸,5,긍정,0.688708246,"신문 전단지에서 이 호텔을 처음 알았습니다. 집 근처의 시설의 선전용이었습니다만, 벳푸에게 가기로 했습니다. 전단지에서도, 구래의 호텔 체인을 싸게 사서 재생하는 비즈니스라고는 곧 알았습니다만, 같은 업태의 모 체인보다 1인당 7000엔 높기 때문에,…",긍정
3,니시테츠 인 후쿠오카,호텔,5,부정,0.539902687,직장에서 이용했습니다. 심야는 대로 쪽이 아니라 뒷문만 넣습니다. 카드를 터치하여 들어갑니다.…,긍정
4,A GOOD DAY FUKUOKA RIVERSIDE,호텔,5,긍정,0.983435929,완벽하게 갖춰져 있습니다,긍정
5,산라이프호텔 2.3,호텔,2,부정,0.947906733,"1박 14000엔. 입지는 최고. JR 하카타역 바로, 지하철은 직결. 한편, 침대 매트리스가 최악. 대각선으로 기울어져 제대로 잠을 잘 수 없다. 대각선으로 되어 있는 것을 보충하도록 시트 아래의 깔개 패드가…",부정
6,Oniyama Hotel,료칸,4,긍정,0.657909214,저녁으로 나온 음식은 맛 있었고 지하보단 옥상 탕이좋네요,긍정
7,후지노엔,료칸,4,부정,0.57279247,"원천을 흘려 가수, 가온, 없음 여과 순환은 물론 없습니다. 완전 걸려 흘러 온천입니다. 분수 온 45.4℃ 용출량 100리터/분 온천 숙소이지만 들러 온천이나 당일치기의 사람들이 많이 뜨거운 물 자랑 의 뜨거운 곳 에 숙박도 가능합니다. 느낌입니다. 건물의 외관은 아파트와 같습니다. 주차장은 골프 연습장입니다. 그물 아래 요금은 1시간 400엔~ 저녁 5시까지 800엔 그리고 몇 가지 있습니다. 효능은 여러 가지가 있습니다. 내 목적은 만성 피부병 연일, 무더운 날, Asemo, 조금 할 수 있습니다. Asemo의 약은 사용할 수 없습니다. 개 두 마리와 함께 자고 있기 때문에 10시 30분~3시까지 들어가서 나가고 나서 들어가서 4 번 효과는 납득입니다.",긍정
8,스테이 에어포트,게스트하우스,5,긍정,0.992274463,"일본 아파트치고는 방이 넓었고, 무료로 제공된 라멘도 맛있었어요. 다음에 또 묵을 의향이 있습니다.",긍정
9,라이프텐진후쿠오카,호텔,1,부정,0.996871293,"외국 관광객을 위한 도미토리 같은 싼 호텔. 유감스럽지만 구미에서는, 이 정도의 질로 제대로 돈을 가져오기 때문에, 외국 관광객에게 있어서는 보통. 욕조도 없고 1만도 걸리기 때문에 일본의 표준이 아닐 수 없다. 두 번 다시 묵지 않을 것입니다.",부정
10,니시테츠 인 후쿠오카,호텔,5,긍정,0.994593322,위치가 좋았어요. 높은 층에서 보이는 전망이 아름다웠어요. 아침 식사도 맛있었어요.…,긍정
11,롯포칸,료칸,2,부정,0.991554558,따뜻한 물은 비교적 좋지만 서비스가 잘 알려져 있지 않다. 식사의 재료가 손상되었습니다.,부정
12,프리미어 호텔 모지코,호텔,2,부정,0.968821645,"여행사의 플랜(프리미어 해협 디럭스 트윈)이었습니다만, 숙박비에 비해서는 방은 좁아서 청소가 지나치지 않아 침대사이드 테이블이나 침대의 베개원에 하얀 먼지가 쌓여 있어 모처럼의 여행이 엉망인 기분이었습니다. 엘리베이터 앞의 융단에 약간의 단차가 있었고, 주인은 얽혀 벽에 머리를 부딪히게 되었습니다. 동경했던 호텔에만 꽉 찼습니다.",부정
13,더 레지덴셜 스위트 후쿠오카,호텔,5,긍정,0.925514221,"입지도 잘 실내 수영장, 야외 수영장 모두 있는 것이 좋다",긍정
14,호텔 오리엔탈 익스프레스 후쿠오카 나카스카와바타,호텔,5,긍정,0.978036702,"방 크기는 정말 작았어요! 큰캐리어 2개펼치니 딱 사람이 지나다닐정도 밖에 안남더라고요ㅎㅎ침실은 싱글침대 2개 붙여서 어른둘에 아이한명 잤는데 괜찮았어요!! 저는 중간에서 잤는데 예민하신분 아니라면 편히주무실듯해요! 숙소에서 도보 10분안에 패밀리마트,세븐일레븐,로손 다 있고 나카스카와바타지하철역도 도보 10분 안걸린것같아요. 아무튼!! 숙소는 작았지만 카운터직원분이 몹시 친절하셨고, 냉장고에 물도 없지만 편의점이…",긍정
15,ANA 크라운 플라자 호텔 후쿠오카,호텔,1,긍정,0.845318079,심야부터 아침까지 계속 사람의 목소리가 울려 천천히 할 수 없었습니다. 주위의 숙박자에게도 축복받지 않고 기대 밖의 숙박이 되었습니다.…,부정
16,미야코 호텔 하카타,호텔,5,긍정,0.717097759,하카타역 치쿠시구치에서 도보 1분 정도. 입지는 최고. 방은 매우 깨끗합니다. 아침 식사는 뷔페가 아닙니다.…,긍정
17,The Luigans Spa＆Resort,호텔,5,부정,0.648653626,전망과 레스토랑은 좋았지만 수영장 크기가 너무 작았어요,긍정
18,머큐르 후쿠오카 무나카타 리조트 & 스파,호텔,5,부정,0.944173217,픽업이 필요하면 어떻게 되는지 확인해 주세요,긍정
19,퀸테사 호텔 후쿠오카 텐진 코믹앤북스,호텔,5,긍정,0.952600658,객실은 크지않고 서비스는 좋습니다 중심지라 어디로든 다 갈 수 있어 편하고 좋았습니다,긍정
20,Hotel AZ Fukuoka Wajiro,호텔,5,부정,0.971127391,"서비스, ​​비용은 불평! 후쿠오카 중심부에서 조금 있습니다.",긍정
21,후쿠오카 산팔레스 호텔 & 홀 (Fukuoka Sunpalace),호텔,1,긍정,0.928145647,"아스카 라이브 오랜만에 아스카 씨를 만나는 것이 좋았고, 항상 걱정스러운 사람들입니다.",부정
22,후루유 온천 온크리,료칸,3,부정,0.744441271,"기념일에 이용 받았습니다. 깨끗하고 눈에 띄기 때문에 언젠가 가고 싶었지만, 다음은 조금 생각합니다. 방에는 인원수의 온천이 없고, 처음부터 환영받지 못한 느낌이 들고 유감.…",
23,WITH THE STYLE FUKUOKA,호텔,5,긍정,0.995482445,"60명 규모의 결혼식을 들었습니다! 식 전후부터 많은 서비스를 제공해 주셔, 매우 만족하고 있습니다! 특히, 채플이나 피로연회장의 류알의 영향도 있어, 개방적이고 리조트 기분을 체험할 수 있었습니다! 또, 당일은 비가 내리고 있었습니다만, 기후에 좌우되지 않는 회장 때문에, 끝까지 즐길 수 있었습니다!",긍정
24,APA Hotel Hakata Eki Chikushiguchi,호텔,2,부정,0.604135573,"객실은 배리어 프리 대응으로 좋다고 생각했습니다만 깃털 이불의 날개? 이나 소품 등 쓰레기가 바닥에 떨어지고 있어 클린네스는 불충분, 옷걸이가 망가지고 있는데 방치되어 있어 전혀 도움이 되는 만일 상처를 할 가능성도 있었기 때문에 직원을 불러 철거해 준 ❗그리고 에어컨의 오토루퍼-의 위치에 의해, 이음이 되어 밤중에 잠들 수 없었다. 요 전날 이용하신 히로시마의 아파 호텔에 비하면 끔찍하다고 해도 지나치지 않다고 생각합니다. 아침 식사 회장의 직원의 분들의 대응에 대해서는 약간의 걱정이 느껴져 매우 좋았던 만큼 물론 아니다.",부정
25,APA Hotel Hakata Eki Chikushiguchi,호텔,1,부정,0.967720628,"이 호텔의 여성 직원, 이름은 나카야마… 무엇을 질문해도 무시, 가볍게 물어보면 조금 기다려 주세요… 뭐야 호텔이다! ️ 뭐 교육이야! ️ 이런 호텔에 묵고 싶지 않아 😡…",부정
26,미쓰이 가든 호텔 후쿠오카 기온,호텔,1,부정,0.994935572,상당히 좁은 구조입니다. 가격으로는 손해를 입는 감각이 될지도 모릅니다. WI FI가 느리고 전혀 사용할 수 없습니다. 연결되어도 중단되는 경우가 많습니다.…,부정
27,호텔 마이스테이스 후쿠오카 텐진,호텔,3,긍정,0.655027986,"교통이 편리한 위치에 있으며, 객실은 다소 작습니다.",
28,아미스타드호텔 후쿠오카,호텔,2,부정,0.974471927,조식은 봉투에 넣어서 문고리에 걸어두는데 샌드위치이고 매일 같습니다. 안먹었어요. 작고 청소상태는 별로였어요. 직원들은 친절했어요.,부정
29,Japanesque Hotel Fukuoka,호텔,1,부정,0.996957064,"프런트에 사람(바이트)이 있을 만큼의 민박. 체크인 시 스파 이용 불가의 취지 설명 없음. 스파, 사우나가 목적으로 일부러 이 입지의 숙소로 했는데 사용 불가, 유일하게 사용할 수 있다고 안내된 옥외의 사우나도 열어 놓아 청소 없음의 상태. 이것이라면 체크인 전에 돈을 지불해도 취소하는 레벨. 대응에 성의가 없다. 방에 들어간 순간 발밑에 무언가가 접했지만, 전의 손님의 털옥(무슨 말인지 모르겠네요, 머리가 둥글게 되어 구슬이 된 상태의 것입니다)가 나왔습니다. 포장입니다.",부정
30,그랜드 머큐어 벳푸완 리조트 & 스파,료칸,1,긍정,0.64145565,"지난달 리조트 키티룸에 숙박했습니다. 아이는 매우 기뻤습니다만, 어른으로부터 보면 조금 넓은 비즈니스 호텔을 리노베했을 뿐.…",부정
31,더 레지덴셜 스위트 후쿠오카,호텔,1,부정,0.581130087,"화장실? 목욕? 의 문 닫히지 않고, 욕실 어둡습니다 프런트가 친절하기 때문에, 방은 어쨌든 유감입니다 ...",부정
32,신 이즈카 스테이션 호텔,호텔,3,부정,0.514697134,"호텔 앞은 이즈카 병원 때문에, 구급차의 소리, 뒤는 전철의 소리로 잠들 수 없다. 주차장이 적고, 입체 주차장에 정차해야 하며, 하루 400엔 필요. 유일한 좋은 것은 1층 빵이 맛있다.",
33,Hotel Cultia Dazaifu,호텔,5,긍정,0.993831515,"풍치가 있어, 식사도 맛있고 스탭도 매우 정중했습니다. 멋진 시간을 보낼 수있었습니다. 고마워요 🙏…",긍정
34,산라이프호텔 2.3,호텔,5,부정,0.567300141,각종 접근은 뛰어나다 영수증은 순조롭게 나오지 않는다,긍정
35,HOTEL MYSTAYS Fukuoka Tenjin Minami,호텔,2,부정,0.939811409,"객실은 괜찮고 편의시설도 나쁘지 않습니다. 시내에 위치해 있어 번잡합니다. 자가용을 이용하신다면 주차가 매우 어려워 추천하지 않습니다. 특히 주말에는 주차가 정말 힘듭니다. 주차 공간이 제한적이라는 사실(4대 정도밖에 없는 것 같습니다)을 미처 몰랐는데, 광고 내용이 오해의 소지가 있었습니다. 광고에는 주차 공간이 있다고만 나와 있었고, 프런트 데스크에 따르면 사전 예약이 필수였습니다.…",부정
36,후루유 온천 온크리,료칸,5,긍정,0.99437511,"정말 만족스러웠습니다. 멋진 산 전망의 객실에서 편안하고 평화로운 시간을 보낼 수 있었습니다. 서비스도 훌륭했고, 모든 직원분들이 항상 친절하고 미소로 대해주셔서 좋았습니다. 모든 분들께 이 호텔을 강력 추천합니다.",긍정
37,더 레지덴셜 스위트 후쿠오카,호텔,5,긍정,0.991971016,엄청 방이 넓고 편안합니다. Zepp나 페이페이 돔에도 가깝고 시설도 충실. 숙박해야합니다!,긍정
38,ANA 크라운 플라자 호텔 후쿠오카,호텔,5,긍정,0.606040061,실수가 있었지만 과도한 대응 해 주셔서 죄송합니다. 또 기회가 있으면 이용하고 싶습니다. 고맙습니다.,긍정
39,니시테츠 그랜드 호텔,호텔,5,긍정,0.967176378,어우 어느 호텔에서 이런 대접을 받아볼까요? 제가 뭐라도 된양 의전을 받는 느낌이 들었습니다. 리셉션에서 체크인하고 체크아웃 하는 그 순간까지 아주 만족스러웠습니다.,긍정
40,후쿠오카 토에이 호텔,호텔,5,긍정,0.9926669,"환대가 간단하고 매우 좋았습니다. 동남아시아로부터 4년만의 일시 귀국으로 5박했습니다. 방은 넓고 차나 간식을 할 수 있는 정도의 의자와 테이블세트가 있어, 벽걸이의 책상도 폭넓고 책상용 의자가 2개 있었습니다. TV도 컸습니다. 전체적으로 쇼와감이 있어 친가에 돌아온 것 같은 그리운 기분이 되었습니다. 욕실도 넓고 깨끗하고 매우 편안했습니다. 방에는 티컵이 있습니다만 스푼이나 포크는 없기 때문에 다이소에서 샀습니다.…",긍정
41,도큐스테이 하카타,호텔,1,긍정,0.615048647,我完全沒有用過雪櫃是 完全雪不了食品|室內溫溫也比雪櫃內冰凍|房的房型｜雪櫃配搭是必須｜可能雪糕要求過高｜但連基本的冷凍也沒有｜還有地點環境駕車人士｜絕對不方便｜沒有停車場也沒有門外上落客區域｜｜have never used a refrigerator at all. It cannot freeze food at all.|The indoor temperature is also colder than inside the refrigerator|As a…,부정
42,Hotel Grèges,호텔,5,긍정,0.986212015,경치도 좋고 요리도 맛있다,긍정
43,The OneFive Marine Fukuoka,호텔,1,부정,0.998084307,"이곳은 낡고 허름해서 당장이라도 철거해야 할 것 같은 비즈니스 호텔입니다. 방 안의 모든 물건에 얼룩이 묻어 있었습니다. 저는 보통 호텔 바닥이 더러운 것에 신경 쓰지 않지만, 이번에는 양말을 신었음에도 발을 디딜 수 없을 정도로 카펫이 더러웠습니다. 마치 수백 년 된 것처럼 보였습니다. ||침대도 잠자는 용도보다는 땔감으로 쓰는 게 나을 것 같았습니다. 낡은 스프링 매트리스는 스프링이 그대로 튀어나와 있어서 누우면 삐걱거리는…",부정
44,몬탄 하카타 호스텔,호텔,5,긍정,0.989290059,친절하고 깨끗합니다 1층이 너무 좋았어요 위치가 조금 아쉬운데 나쁘지 않습니다,긍정
45,더 밀레니얼스 후쿠오카,호텔,5,긍정,0.992902577,"개인적으로 진짜 만족 좁다고 생각할 수 있는데 반대로 생각하면 모든 물건이 손에 닿아서 일어날 필요 없음 누워서 생활가능 후쿠오카 호텔 좁아서 캐리어 필 자리도 없다는데 여기는 침대 밑에 캐리어 펼칠공간이 있어서 좋음 (엄청 큰 케리어 아니면 넉넉할듯) 침대에 매달려서(?) 캐리어 정리할 수 있어서 진짜 편했음 누워서 해결가능 여성전용 이용했는데 거의 20~30대 한국인 여성임 진짜 조용하고 매너 좋음 지퍼소리, 침대 내려가는 소리, 커튼 닫는 소리 정도? 새벽 두시까지 잠 안와서 깨어있었는데 코고는 소리도 안났음 룸 컨디션은 조금 건조하고 공기청정기 때문에 좀 추움 위치가 하카타랑 텐진 딱 가운데 있는데 호텔에서 자전거 빌려줌 무료인지는 모르겠는데 쇼핑 많이 안할고라면 자전거로 이동하기 딱임 나는 마지막날 자전거를 발견해서 매일 걸어다님 ….ㅠㅠㅠㅠ",긍정
46,후쿠오카 산팔레스 호텔 & 홀 (Fukuoka Sunpalace),호텔,5,부정,0.660473108,직원의 걱정을 느꼈습니다.,긍정
47,Kiyonoya,료칸,3,부정,0.746913195,"500엔의 들러 입욕으로 갔습니다. 온천 총선거에서 가능한 피부 부문 전국 1위라는 것으로 기대해 갔습니다만. . 샘질은 확실히 좋았습니다만, 들르는 것은 별로 환영받고 있지 않다고 할까, 접객이 조금 차가운 느낌이 들었습니다. 자란의 평가는 좋기 때문에 숙박객에게 힘을 쏟고 있는 것입니다. 입욕 후도 드라이어가 불꽃이 흩어질 정도로 망가지고 있는 것을 전했는데, 지배인 분은 ​​걱정을 하는 것 같은 흔들림도 하지 않고 알았습니다의 한마디. 치쿠고가와 온천의 온천은 훌륭하지만 유명하지 않은 이유가 왠지 알게 된 것 같았습니다. 온천도 솔직히 여기 이상으로 좋은 온천을 알고 있기 때문에 감동까지는 가지 않았습니다. 대욕장도 내 목욕만으로 넓지는 않기 때문에 천천히는 넣지 않았습니다.",
48,힐튼 후쿠오카 씨호크,호텔,1,부정,0.9133991,"숙박중에 열과 두통으로 잠을 잘 수 없게 되어 카운터에 방문했더니, 법률상으로 약을 건네줄 수 없다고 했습니다. 냉매제는 근처의 편의점에 하나도 없고, 프런트의 분은 자양제를 추천해 주었습니다. 결국, 스스로 연락을 취해, 걸어 병원까지 왔습니다.…",부정
49,힐탑리조트 후쿠오카,호텔,2,부정,0.955237806,"이 호텔을 두 번째 방문했습니다. 첫 번째 방문은 정말 좋았습니다. 하지만 두 번째 방문은 실망스럽습니다. 호텔이 낡아가고 있고, 제가 이곳을 찾는 이유 중 하나는 조식 뷔페 때문인데… 이제는 조식 뷔페를…",부정
50,JAM HOSTEL博多駅前,게스트하우스,3,부정,0.747956693,"후쿠오카는 대부분 이런가 가격은 다른데보단 비싼데 시설은 다른데랑 비슷... 위치랑 서비스는 괜찮은데 옆방 코고는 소리, 근처에 전철 지나가는소리 등등 다들림 작은 다이닝룸이 있는데 여기서 이것저것 먹긴 괜춘",
51,Hotel AZ Fukuoka Wajiro,호텔,1,부정,0.958176911,리셉션 오바 씨는 꽤 느낌이 좋지 않았습니다.,부정
52,베셀호텔 후쿠오카 카이즈카,호텔,3,긍정,0.519820869,객실 좋음 장소 비명 프런트의 대응에 조금 이라 붙었다.,
53,니시테츠 인 후쿠오카,호텔,5,부정,0.694481134,방은 괜찮았는데 위치가 좀 찾기 어려웠어요,긍정
54,Hotel Live Max Fukuoka Tenjin West,호텔,5,긍정,0.927318573,"두 번째 숙박인데, 이번에는 하룻밤만 묵었습니다. 번화가까지 걸어갈 수 있는 좋은 위치입니다. 공항까지 택시비는 약 3000엔입니다. 2024년 10월 17일. SK",긍정
55,그랜드 머큐어 벳푸완 리조트 & 스파,료칸,1,부정,0.967488706,"방은 이미지와 완전히 다르고, 아직, 러브 호텔 쪽이 설비가 좋고, 예약해 기대해 왔는데, 게다가, 전날에는, 제대로 저녁 먹을 수 있을지도 확인이 끝난 🐥('-' 🐥)(⚲□⚲) 그런데 저녁을 먹지 못하고 편의점 🏪 도시락 먹기 시작하기 🍱…",부정
56,후쿠오카 산팔레스 호텔 & 홀 (Fukuoka Sunpalace),호텔,1,긍정,0.807765543,주위를 빙빙 돌았습니다만… 거의 가게는 보이지 않았습니다. 선 팰리스의 레스토랑과 옆에있는 국제 회의장의 카페에서 시간을 잡을 수밖에 없을 것 같습니다 (^^;,부정
57,APA Hotel Hakata Eki Chikushiguchi,호텔,5,부정,0.959466398,숙소가 너무 협소함,긍정
58,베셀호텔 후쿠오카 카이즈카,호텔,4,긍정,0.626953125,"욕실에는 화장실이 동실입니다만, 세면대는 욕실의 밖에 있는 곳이 편리합니다",긍정
59,湧水千石の郷,료칸,5,긍정,0.963506579,바이킹은 정말 맛있는 것뿐! !,긍정
60,캐널시티 후쿠오카 워싱턴 호텔,호텔,1,긍정,0.611388266,이웃 중국인? 하지만 몹시 시끄러웠습니다_:(´ཀ`」 ∠):그리고 유닛 버스의 커튼이 무섭게 냄새가 났습니다. 죄송합니다,부정
61,다이와 로이넷 호텔 후쿠오카 - 니시나카스,호텔,5,긍정,0.992445529,시설도 깨끗하고 직원도 친절해서 좋아요♡,긍정
62,미야코 호텔 하카타,호텔,5,부정,0.983100295,"호텔에 두 번 이메일을 보내 예약 확인을 요청했는데, 일주일 넘게 답장이 없습니다. 빠른 시일 내에 처리해 주시면 감사하겠습니다. 죄송합니다. 스팸 폴더에서 답장을 찾았습니다.…",긍정
63,포포인츠 바이 쉐라톤 후쿠오카,게스트하우스,5,긍정,0.98697716,스미요시 신사 근처에서 조용. 방도 깨끗하고 좋은 분위기.,긍정
64,그랜드 머큐어 벳푸완 리조트 & 스파,료칸,1,부정,0.98910135,"거의 외국인 뿐이고, 뷔페도 기대 밖으로 외국인을 위한 것 같았습니다. 요리는 맛있다고 생각하지 않았습니다. 다시 가고 싶다고 생각하지 않는 곳입니다.",부정
65,야마모토 료칸,료칸,3,부정,0.508171856,"우선 장소의 장점과 가격의 저렴함이 좋습니다. 숙소는 자는 만큼의 장소, 라고 나누고 있는 사람이나, 쇼와 레트로를 즐기고 싶은 사람에게 추천입니다. 어려움은 괜찮습니다. 자신이 묵은 방뿐일지도 모릅니다만, 왠지 잘 모르는 케미컬적인 냄새가 있다(곧 익숙합니다만)밖의 도로의 소리가 엄청 울린다, 개가 캔캔 5월 뿜어져, 탈의소가 좁고 대단한 사람은 사용할 수 없을지도, 이불은 잠 기분은 나쁘지 않았지만 처음에 축축했기 때문에, 에어컨을 귀마개는 가져가는 것이 좋습니다. 자신은 없었기 때문에 곧 근처의 편의점에서 샀습니다. 드라이어가 너무 약하기 때문에, 자신의 물건을 반입하는 것이 좋을지도 모릅니다. 라고, 여러가지 썼습니다만 편리성의 장점과 가격의 저렴함으로부터, 향후도 후쿠오카에서 묵을 것이 있으면 여기를 선택할까. 미로처럼 혼돈스러운 숙소 만들기도 두근두근하는 여정을 느끼기 때문에 나는 좋아합니다.",
66,호텔 오리엔탈 익스프레스 후쿠오카 텐진,호텔,5,긍정,0.985955298,주위에 상점 및 식당이 많고 텐진역에서 접근성이 훌륭합니다. 임시로 짐을 맡길 수 있는 시설이 있습니다. 방은 좁으나 짐을 펼칠수 있는 공간은 충분합니다.,긍정
67,Golden Guest House Hakata,게스트하우스,1,부정,0.969239056,"아고다에서 예약했습니다만, 사진의 방과는 내장도 베팅도 모두가 다른 방이었습니다. 별다른 차이에 호텔을 잘못했다고 생각할 정도로 충격이었습니다. 다른 쪽이 써 있는 리뷰를 발견했습니다만, 3F의 방을 할당할 수 있으면(자), 전혀 다른 방이라고. 2F의 방을 확인할 수 없기 때문에, 2F가 사진대로인지는 불명합니다.",부정
68,힐튼 후쿠오카 씨호크,호텔,4,긍정,0.556167364,호텔 주변에 타워와 돔이 있고 모모치 해변을 바라보는 풍경도 좋았지만 와이파이 서비스 유료가 마음에 안든다.,긍정
69,ANA 크라운 플라자 호텔 후쿠오카,호텔,1,긍정,0.688070297,"이것 실화입니다. 창문에서는 배관 view의 희미한 방으로 안내되어 어색하다고 생각했더니, 화장실 뚜껑을 열면 크고 작은 머리카락이 몇 개 들어 있었다.…",부정
70,호텔 몬토레 라 스루 후쿠오카,호텔,5,긍정,0.980590641,리셉션직원은 친절합니다. 체크인전에 가방을 보관할 수 있습니다. 객실은 좁은편이지만 아주 깨끗합니다.,긍정
71,WITH THE STYLE FUKUOKA,호텔,5,긍정,0.986759722,도시의 리조트 현실을 잊을 수 있기 때문에 좋다. 술의 가격은 다소 높지만 분위기료라고 생각하면 싸다.,긍정
72,호텔 닛코 후쿠오카,호텔,1,부정,0.995359361,"수석 남자의 앞 직원의 태도가 최악이었다. 이 호텔은 체크아웃할 때 지불한다(내가 묵었던 당시)를 몰랐던 나는 지불에 대해 묻었습니다만, 좌우에 머리를 흔들면서, 「나중에」만 돌아왔습니다.…",부정
73,베스트 웨스턴 플러스 후쿠오카 텐진-미나미,호텔,2,부정,0.932901978,"장소, 객실, 가격은 납득으로 마음에 들었지만 청소와 프런트의 대응이 이마이치였다. 3일간 이용했지만,…",부정
74,호텔 오리엔탈 익스프레스 후쿠오카 나카스카와바타,호텔,2,부정,0.978286803,"체크인할 때 직원이 음료 쿠폰을 주지 않았습니다. 저는 4일 동안 오리엔탈 익스프레스 호텔 세 곳에 묵어본 경험이 있어서 어떤 서비스가 제공되는지 잘 알고 있습니다. 매니저인 마차모도 씨에게 이야기했더니 직원의 실수를 사과하고 쿠폰을 주었습니다. 체크인할 때 왜 이 부분을 놓쳤는지 이해가 안 가고, 직원의 태도도 좀 불친절했습니다. 오리엔탈 호텔 중 가장 비싼 곳인데, 가격 대비 서비스는 최악이었습니다. 마지막으로, 객실에…",부정
75,포포인츠 바이 쉐라톤 후쿠오카,게스트하우스,1,부정,0.989083469,프런트의 남자 두 명 정도 있지만 대응 너무 나쁘다,부정
76,杜の七種,호텔,5,긍정,0.992275298,"후쿠오카에서 최고인 숙박 체험을 했습니다. 방은 넓고 깨끗하고, 이웃 방과도 인접하지 않기 때문에 소리는 거의 들리지 않는, 정원에는 멋진 자쿠지와 그네와 의자가 있고, 방 안에도 자쿠지가있는 욕조 있습니다. 침대도 푹신하고 기분 좋고 아침 식사는 방까지 가져와 먹을 수 있습니다. 정원도 산책하기에는 최고로, 포도도 되고 있거나, 멋진 채플이 있거나. 엇갈리는 ​​분 여러분 친절하고 정말로 즐길 수 있었습니다. 다시 가겠습니다.",긍정
77,도미 인 프리미엄 하카타 캐널시티 마에,호텔,1,부정,0.992904365,온천이라는 느낌은 전혀 들지 않았다.,부정
78,Golden Guest House Hakata,게스트하우스,5,부정,0.703824937,밤늦게까지 술드시는거 좋아하시면 추천. 그때그때 게스트에 따라 다르겠지만 내가 머물땐 새벽 늦은시간까지 술마시고 문쾅쾅 닫는 몰상식한 분들도 계서서 마냥 편하지만은 않았음. 청결하다는 평이 많아서 그거보고 왔는데 샤워실과 변기 상태보고 기겁했지만 게하니까 그러려니하고 머물렀음. 더도말고 덜도말고 딱 가성비 게하.,긍정
79,Mercure Fukuoka Munakata Resort & Spa,호텔,4,부정,0.612190306,"4~5회 이용시켜 주고 있습니다만, 2식 첨부는 처음이었습니다. 이번에는 중화를 선택했습니다.…",긍정
80,도미 인 프리미엄 하카타 캐널시티 마에,호텔,1,긍정,0.985179365,일본 여행할 때마다 도미 인(Dommy Inn)에 묵는 걸 좋아합니다. 프리미어 룸이 있다면 업그레이드해서 더 즐거운 여행을 하고 싶을 정도였죠.…,부정
81,더 원파이브 후쿠오카 텐진,호텔,1,부정,0.998944581,"수건은 더럽고, 특히 방은 좁고 정돈이 안 되어 있는 데다, 직원들은 경험도 없고 무관심했으며, 매니저는 인종차별적인 태도를 보였습니다. 항의했더니 ""하하하, 그래서 뭐 어쩌라는 거야?""라는 식의 반응이었습니다. 일본에서 경험한 호텔 중 최악이었습니다.",부정
82,힐탑리조트 후쿠오카,호텔,1,긍정,0.937091172,"직장이 가까워서 비즈니스 호텔 대신 가끔 머물렀다. 조용하고 사람도 많지 않고, 딱 좋은 호텔이라고 생각하고 있었습니다만,,,,, 2연박으로 이용.…",부정
83,Japanesque Hotel Fukuoka,호텔,2,부정,0.95917809,"꽤 유감스러운 호텔이었다. 외관은 리조트풍의 건물로, 입지도 문제 없었지만, 방이 인터넷의 사진과는 멀리 떨어져 있었다. 더럽다고 할 정도는 아니지만 개인적인 의견이지만, 나는 침착하지 않은 분위기였다. 벽이나 바닥이 울고 소리가 들려오는 것이 힘들었다. 프런트의 분은 정중한 대응을 받았기 때문에 거기는 문제 없었지만, 물론 가격도 저렴했기 때문에 일괄적으로는 말할 수 없지만 오랜만에 침착하지 않는 밤이었다.",부정
84,APA Hotel ＆ Resort Hakata-Ekihigashi,호텔,1,부정,0.947577715,"인생에서 처음으로 침대 매트의 단지 호텔에 하룻밤 묵은, 자지 못하고 다음날 방의 교환을 해 받았다. 대응한 스태프 뜯어, 잘 보았으므로 괜찮다고 생각합니다,라고 안내된 방도 첫 방보다 조금은 섬세한 정도로 심한 매트. 괜찮은 매트가 없는 호텔은, 50년여 호텔을 이용해 처음, 자연스럽게 체인지해 받은 방까지는 어리석은 말이 없다. 청소도 서투른 호텔처럼 책상 위는 먼지로 흰색. 비가 내린 날에 맞았기 때문에 우산을 빌려 프런트에 갔지만, 재고가 없다고는 우산의 품절 호텔도 처음, 근처의 편의점에 비에 젖어 사러 뛰었습니다. 방의 변경도 제의가 나쁘게 전해져 있지 않았습니다. 아파 호텔에는 꽉, 기분이 나쁜 4박이었습니다.",부정
85,FUKUOKA門司港ステイ,호텔,5,긍정,0.990735471,호텔 시설이 훌륭해서 매우 만족했습니다. 위치도 모지 항구와 가깝고 JR 열차로 이동하기 편리합니다.,긍정
86,APA Hotel ＆ Resort Hakata-Ekihigashi,호텔,5,긍정,0.993334532,"정말 환상적이었어요. 개장 첫날부터 이틀 동안 최상층에 묵었는데, 멋진 전망에 시험공부하기에 딱 좋은 밝기와 조명이었어요. 전망이요? 음, 공사 중인 건물이 많아서 어쩔 수 없었지만요. 그래도 조용해서 좋았어요. 다음에 꼭 다시 묵을 거예요.",긍정
87,The Luigans Spa＆Resort,호텔,5,긍정,0.995307267,"여러 번 숙박을 받고 있습니다. 방의 설비에 조금 연계는 느끼지만, 그 이상의 분위기나 경치, 식사를 즐길 수 있는 호텔입니다. 이 가격대에서 여기까지 비일상감을 맛볼 수 있는 곳은 좀처럼 없다고 생각합니다. 발코니가있는 객실은 외부 공기를 느끼면서 술을 즐길 수 있으며, 새로 고침 할 수 있습니다. 룸 서비스도 만족도가 높고, 방에서 천천히 보내고 싶은 분에게도 추천입니다.",긍정
88,종크호텔 나카스 데아이바시,호텔,2,긍정,0.500306785,"임시 오픈 중답게 눈에 띄는 간판 등 없이 입구를 알기 힘들었다. 또, 방의 시설 미비가 눈에 띄는(에어컨 고장, 태블릿의 접속 에러, 콘센트의 접촉 불량, 설계 미스에 의해 블라인드가 아래까지 없는 방), 인근의 음식점 등으로부터 들은 이야기에 의하면 트러블 속출로 평판이 나쁘다는 것. 방은 깨끗하고 어메니티도 충분해, 역에서 도보 2분 정도로 입지도 좋았다. 강이 보이는 방으로 보이지 않는 방에서 1000엔 정도 요금이 다른 것 같다. 결국은 에어컨 수리업체가 올 때까지 더운 방 귀중한 관광 시간을 1시간 반 정도 기다렸고, 밤밥 안에 메일로 에어컨이 고쳤다고 연락이 왔지만, 태블릿의 시스템 에러는 끝까지 곧 유료의 외선을 안내되었다. (숙박객은 24시간 문의 가능한 채팅과 Skype통화는 사용할 수 없는 채) 블라인드가 아래까지 없어서 이층 침대 아래 사람은 머리와 다리를 거꾸로 자고 있었다. 블라인드를 아래까지 내리는 요령이 있었는지, 원래 설계 미스인지, 미스라면 예약시에 숙박자가 승낙할 수 있도록 기재하거나, 강측이라며 요금을 올리지 않고 와케아리이므로 따뜻하게 1000엔 저렴해도 좋았던 것은 아닐까. 크레이머가 아닙니다. 사실입니다. 단지 홋카이도의 여행자이므로 더위에 견딜 수 없었을지도 모릅니다. 다른 방이 비어 있었다면 처음부터 변경하는 등 대응해 주시면 여기까지의 불만은 남지 않았다고 생각합니다.",부정
89,호텔 마이스테이스 후쿠오카 텐진,호텔,2,부정,0.994372725,"욕조는 더러워지고 수건은 냄새가 났고, 이번에는 좋지 않았습니다. 위치만 평가합니다.",부정
90,나인아워스 하카타 스테이션,호텔,2,긍정,0.681894124,객실 내 충전! 아주 드물죠.,부정
91,베스트 웨스턴 플러스 후쿠오카 텐진-미나미,호텔,3,부정,0.67588985,목이 뻣뻣한 남자 프론트 씨. 기분나쁜 표정의 응대 감사합니다. 감사합니다 라는 말에 아무런 대응이 없는. www 나머지는 모두 만족입니다.,
92,더 로얄 파크 호텔 후쿠오카 (The Royal Park Hotel Fukuoka),호텔,1,긍정,0.821603298,"부르는 결혼식에서 헤어 세트를 부탁했지만 자신이 생각하는 헤어 세트에는 전혀 없었고 하루 종일 슬퍼했습니다. 제대로 연습해 주었으면 하고, 이젠 헤어 세트를 할 수 있는 사람이 있는 것이 좋다고 생각합니다.",부정
93,ANA 크라운 플라자 호텔 후쿠오카,호텔,1,부정,0.997518778,스위트 뷔페는 시작과 동시에 소주행으로 다른 손님이 요리를 대량으로 접시에 태워 가져가 요리 보충도 없기 때문에 한입대의 스위트 2품 밖에 먹을 수 없어 돈과 시간을 대량으로 낭비했습니다. 물 컵도 보충되지 않았기 때문에 물도 마실 수 없었습니다. 직원은 각 장소에 흠뻑 찔렀다. 다시는 사용하지 않을 것입니다.,부정
94,호텔 리브맥스 후쿠오카 텐진,호텔,2,긍정,0.543929935,위치는 좋음 하카타 역까지 걸어갈 수 있고 텐진역도 한정거장임 다만 호텔 퀄리티가 좋진 않음 한국 싼 모텔 정도? 화장실은 하수구 냄새도 올라오고 좀 많이 습함 근데 못지낼정돈 아님 바로 아래 편의점도 잇음 조식으로 벤토 줫는데 마트에서 먹는 퀄리티엿음 가격생각하면 갠춘한 느낌,부정
95,언플랜 후쿠오카,호텔,5,긍정,0.992382705,후쿠오카에서 일을 위해 5박 연박해 왔습니다✨ 좋은 곳이었으므로 추천입니다!…,긍정
96,후쿠오카 산팔레스 호텔 & 홀 (Fukuoka Sunpalace),호텔,4,긍정,0.503431618,유니콘 콘서트에서 방해했습니다. 시설 뒤편에 바다가 퍼져 벤치가 있거나 조금 쉬는 장소가 있습니다.,긍정
97,미쓰이 가든 호텔 후쿠오카 기온,호텔,1,부정,0.997228086,식당 예약 부탁했는데 거절당함. 4성급이라는 호텔이면 컨시어지가 당연히 있을텐데 이런 요청조차 단칼에 거절하는 게 황당하네요. 그런 정책이 없다면서 위에 보고하겠답니다ㅋㅋㅋㅋ이럴 거면 그냥 게스트하우스에 가지 뭐하러 호텔 예약하나요? 취소하고 다른 호텔 가야겠습니다,부정
98,더 레지덴셜 스위트 후쿠오카,호텔,5,긍정,0.579712689,"JR이 있는 플랜으로 숙박. 꽤 유익하게 이용할 수 있었다. 관내는 분위기도 좋고, 청결. 경치도 좋고 객실도 조용하고 깨끗합니다. 하지만 수건은 가시가시. 직원 분들의 접객도 좋고, 아침 식사도 차분한 분위기에서 느긋하게 맛있게 식사를 할 수 있었다. 하지만 후쿠오카 와서 명태자 없는 것은 부치길레 같았다. 대개, 또 이용합니다.",긍정
99,프리미어 호텔 모지코,호텔,1,부정,0.997911513,불친절 객실 불청결 같은 가격이면 비추,부정
100,호텔 리브맥스 후쿠오카 텐진,호텔,2,긍정,0.681982338,"하카타에 일박! 가능한 한 저렴! 어딘가 없을까! ? 최저가에서 보면 어디도 도미토리와 캡슐. . . 또는 하카타 역에서 멀리 떨어진 곳. . , 그런 가운데, 숙박 예약 사이트에서 1박 4000엔 미만의 호텔을 발견! 흠흠. 버스를 사용하면 하카타역에서 10분이고, 걸어도 20분 정도인가. 여기 결정했다! 그리고 예약을 포치. 왠지, 싱글에서도 트윈에서도 같은 요금이었기 때문에, 모처럼이라면 넓은 쪽을과 트윈을 선택. 하지만 예약 완료 후 리뷰를 보면 방이 더러워서 모두 쓰고 있다. . . 이것이 실패했습니까? ? 두근두근하면서 당일을 맞이한다. 버스를 타려고 생각했지만, 그냥 목적의 버스가 가 버렸기 때문에, 와서 걷는 것에. 대로를 계속 진행하기 때문에, 헤매는 것은 없습니다. 20분 정도 걸어 도착입니다. 호텔 바로 옆이 편의점인 것은 편리하네요. 체크인기로 수속을 끝마치고, 막상 입실! 입실하고, 우선 눈에 띈 것은 바닥의 기미. 와우! 과연 입소문이 맞네요! 표현한다면, 여기서 살인 사건이 일어난 것 같은, 바닥 얼룩. 침대 근처에 검은 색 큰 얼룩이 있으며 문 쪽까지 점차 계속됩니다. 뭐가 있었어! ? 살인 사건은 농담이지만, 커피에서도 화려하게 부딪쳤을까. . . 그리고는, 타월의 접는 방법이나 침대 메이크업이 지저분하거나 침대 위의 사촌에 쓰레기 떨어지고 있다든가, 그런 것이었습니다. 다른 쪽이 쓰여져 있던 샤워 커튼의 곰팡이등은 없었습니다. 욕실과 화장실은 깨끗했습니다. 결과 발표! 방의 이마이치를 실수 찾는 것처럼 즐길 수 있다면, 도미토리보다 여기를 추천! 4000엔으로 개인실은 고맙다! 그렇지 않다면 좀 더 예산을 올려 다른 호텔을 추천합니다!",부정
101,아파 호텔 후쿠오카 유쿠하시 에키마에,호텔,5,긍정,0.949559093,츠키가미쵸에 갈 때는 반드시 아파 씨를 상숙으로 하고 있습니다. 프런트 여성도 늦게까지 일하고 있을 때도 있어 반대로 이쪽이 걱정해 버립니다.,긍정
102,코코 호텔 후쿠오카 텐진,호텔,2,부정,0.981271207,"개업 당초에 숙박했지만, 청소가 꽉 차지 않았다. 리뉴얼 오픈이라고 듣고 묵었는데 실망했습니다.",부정
103,The BREAKFAST HOTEL 후쿠오카 텐진,호텔,4,긍정,0.698514998,"시내가깝고,방 깨끗,1층 무료 음료bar.단 편의점 약300미터,지하철 공항선 도보10분",긍정
104,Hotel Vista Fukuoka Nakasu-Kawabata,호텔,4,부정,0.606901646,"체크아웃이, 디폴트 10시이므로 아침 천천히 하고 싶은 파는 요주의.",긍정
105,Hotel Mei Fukuoka Tenjin,호텔,5,부정,0.660239339,1층에는 인기 카페,긍정
106,크로스라이프 하카타텐진,호텔,2,부정,0.981949985,"객실 조명이 어두워 글을 쓰거나 전화를 사용하기가 불편했습니다. 한국인 투숙객이 많았는데, 온천 이용 시 한국인 투숙객이 지켜야 할 예절에 대한 설명이 부족했습니다. 목욕 전후로 샤워실이 한국인 투숙객들의…",부정
107,야스라기 나카스,게스트하우스,2,부정,0.707462072,"장점 나카스 및 주요 장소 접근성 우수 주인 응답 빠름 단점 청소미흡 (특히 샤워실), 침대불결, 엘리베이터 없음.",부정
108,FFFFFF Hotel,호텔,5,긍정,0.923080981,이번에는 학생들의 모임으로 이용했습니다. 방은 깨끗하고 즐겁고 쉴 수 있습니다.,긍정
109,EN 호텔 하카타,호텔,1,긍정,0.883320987,"마치 벽의 얇은 러브 호텔. 어쨌든 벽이 얇고 한밤중이 되면 곳곳에서 듣고 싶지 않은 울부짖음이 들립니다. 목욕은 유리로 꾸며져 있습니다. 방은 미묘하게 나이 냄새와 욕실은 약간 배수의 냄새도 있어 좁은 욕조에 잠길 신경이 쓰이지 않습니다. 하지만 청소는 세심하고 있고, 접수 분의 서비스는 매우 정중하고 좋았습니다.…",부정
110,후쿠오카 토에이 호텔,호텔,1,긍정,0.774783552,"방에서는 곰팡이 냄새와 담배 냄새가 났지만, 그 외에는 괜찮았습니다.",부정
111,더 원파이브 테라스 후쿠오카,호텔,5,긍정,0.990941346,"평일과 공휴일에는 조식 포함 1박에 약 8,000엔 정도입니다. 킹사이즈 침대 두 개는 약 48평(약 16.3제곱미터)으로, 제가 후쿠오카에서 6박 동안 묵었던 호텔 중 가장 넓었습니다. 에어컨 소음이 좀 있고, 조식이 인근 호텔 지하에서 제공되어 찾기가 조금 어려운 점을 제외하면, 넓은 공간이 정말 마음에 들었습니다. 다만 공용 시설이 많지는 않았습니다.",긍정
112,APA Hotel Hakata Ekimae 3-chome,호텔,2,긍정,0.701051116,"여행 예정일에 가까운 날에 예약을 했기 때문에 1인분 2박에서도 상당히 높았습니다. 객실은 꽤 좁아 가방과 가방 1개 두면 사람이 1명 다니는 겨우 정도입니다. TV는 책상에 앉아 있거나 침대에 누워서 볼 수밖에 없습니다. 또한 객실에서 프런트에 갈 때까지 아파트처럼 밖과 연결되어 있기 때문에 겨울철은 춥습니다. (어디의 아파 호텔도 아마 같다고 생각합니다만) 전체적으로 청결감은 있습니다만 장소는 알기 힘들고, 도보 1분 이내의 편의점은 1채 있습니다만 주위에 음식점은 없기 때문에 식사를 끝내 오는지 조금 걸은 곳에 있는 써니나 드럭 스토어 모리에서의 쇼핑을 추천합니다.",부정
113,ANA 크라운 플라자 호텔 후쿠오카,호텔,2,부정,0.984136462,"에어컨 통풍구가 침대 바로 옆에 있어서 앉은 자세로 쉽게 조절할 수 있었습니다. 호텔이 오래되고 시설이 노후된 것은 이해하지만, 통풍구는 제대로 관리되어야 했습니다. 통풍구에는 곰팡이 냄새가 나고 먼지가 잔뜩 쌓여 있어서 잠을 자기에 매우 불편했습니다.…",부정
114,리치몬드호텔 후쿠오카 텐진,호텔,5,긍정,0.994045377,"텐진에서 걷고 바로 호텔까지의 길에 편의점도 있어 프런트 쪽이나 종업원 쪽도 친절하고 방도 매우 깨끗하게 청소되고 있어 매우 편안하고 아침 식사도 풍부하고 최고였습니다. 또 후쿠오카에 갔을 때는 이 호텔을 사용하고 싶습니다, 감사합니다.",긍정
115,더 베이직스 후쿠오카,호텔,5,긍정,0.993305743,조식 음식도 맛있고 카운터분들이 한국어도 가능하셔서 넘 편했어용,긍정
116,시즈테츠 호텔 프레지오 하카타에키마에,호텔,5,긍정,0.976562798,깨끗하고 깔끔하며 편리한 위치,긍정
117,The Luigans Spa＆Resort,호텔,1,부정,0.969779909,"코로나 시기에 가야 할 곳이 아니다. 마이크로 버스에 탐 전에 검온 없음. 게다가 규규에 태운다. 체크인 시에도 검온 없음. 알콜은 이다, 그러나 직원이 고무시키는 없음. 호텔 천장은 낮고 방에 갈 때까지 복도의 먼지가 심하다. 게다가, 지금, 화장실 버스 함께 비즈니스 호텔 사양. 옷장은 롱 원피스는 걸 수없는 높이.…",부정
118,플라자호텔 프리미어,호텔,2,부정,0.607648551,입지는 최고. 시설은 오래되었습니다. (화장실 및 욕실) 중국이나 한국의 관광객이 심야까지 시끄럽다.…,부정
119,포포인츠 바이 쉐라톤 후쿠오카,게스트하우스,1,부정,0.982699871,"플래티넘 엘리트의 특전 거의 사용할 수 없었기 때문에 사용하지 않는 것이 좋습니다. 늦은 체크아웃 불가, 아침 식사 유료, 바스트 화장실의 실내가 심한 이취. 더 이상 두 번 사용하지 않습니다.",부정
120,EN 호텔 하카타,호텔,5,긍정,0.978901803,룸 크기 자체는 걍 적당하고 드라이기가 굉장히 좋았음! 직원분들 친절하시고 비가 굉장히 많이 오는 날이었는데 우산도 대여가능하고 수건도 빌려주심 ㅠ 근데 방에 그 창틀 쪽에 버즈 두고 왔는데 결국 못 찾음..,긍정
121,포포인츠 바이 쉐라톤 후쿠오카,게스트하우스,1,긍정,0.845523417,"위치는 하카타역에서 도보로 약 10분 거리에 있어 매우 좋습니다. 필요한 편의시설은 모두 갖춰져 있지만, 세탁기와 건조기가 두 대뿐인 것은 조금 아쉬웠습니다.…",부정
122,니시테츠 인 후쿠오카,호텔,3,부정,0.555502832,"저는 맨 끝쪽에 있는 928호에 묵었는데, 전망도 좋고 꽤 조용했어요. 프런트 직원들은 예외 없이 규칙을 잘 지켰고요. 전에도 두 번 묵었던 곳인데, 이번에는 아침 9시에 도착했더니 회사에서 항상 이용하는 호텔이고 빈방도 있는데도 체크인을 안 해주려고 하더라고요. 호주에서 14시간이나 걸려서 피곤한 상태였는데, 빈방이 있다는 걸 알고 있었거든요. 그래서 당황해서 체크인은 12시 30분이라고 하길래 3,000엔(호주 달러…",
123,나인아워스 하카타 스테이션,호텔,1,긍정,0.956284165,"하카타 역에서 매우 가깝고 약국과 편의점도 바로 옆에있어 편리함은 매우 좋습니다. 여러분이 코멘트에 남아 있을수록, 샤워 룸의 냄새는 신경이 쓰이지 않았습니다.…",부정
124,APA Hotel Fukuoka Tenjin West,호텔,5,긍정,0.992645383,"모든 면에서 꾸준히 좋은 성과를 보이는 좋은 브랜드의 호텔입니다. 깨끗하고 편안하며, 직원들은 전문적이고, 위치도 좋고, 가성비도 좋습니다. 객실 크기는 일본 특유의 규모로 1인 숙박에는 괜찮았지만, 2인 숙박에는 조금 좁을 수 있습니다. 다른 분들께도 추천합니다.",긍정
125,료소마키바노이에,료칸,5,긍정,0.990571499,료칸 직원을 찾기 쉽고 훌륭하며 노천 온천이 매우 아름답습니다. 강력 추천합니다.,긍정
126,그랜드 머큐어 벳푸완 리조트 & 스파,료칸,1,부정,0.99764663,"두 번째 숙박입니다. 전회가 좋았기 때문에, 2회째를 이용했습니다만, 바이킹 홀의 조리 스탭의 1명의 태도가, 비상 가벼운 태도로, 최악이었습니다. 모처럼의 요리도 여행도 망쳤습니다. 다시 이용하지 않습니다.",부정
127,후루유 온천 온크리,료칸,5,긍정,0.99322778,"당일치기 온천을 기대하러 갔다. 버스 정류장에서도 빠르고 편리한 장소에 있었다. 들어간 순간, 건물과 스탭의 청결감의 훌륭함에 승리를 확신. 점원 대응은 매우 정중. 온천도 깨끗하고 최고로 기분 좋았다. 물론 사우나도. 자판기에는 우유가 병으로 팔리고 있어 이상을 모두 이룬 장소를 찾아 버렸다.",긍정
128,후쿠오카 유벨 호텔,호텔,3,부정,0.569043338,"3명으로 장애인용 객실에 숙박. 아직 오픈시의 깨끗함이 남아 실내의 인상은 OK. 벽 등이 얇은 탓인지, 복도나 이웃실, 아래층 대욕장에서 소리가 들리는 경우가 많았다. 버스, 세면대는 깨끗했지만, 바닥의 카펫은 대부분 얼룩이 눈에 띄었다.",
129,머큐르 후쿠오카 무나카타 리조트 & 스파,호텔,5,부정,0.716218412,▪️이용년월 2024년 12월…,긍정
130,ANA 크라운 플라자 호텔 후쿠오카,호텔,5,부정,0.880049229,매우 만족했으므로 불만족스러운 점만 씁니다.…,긍정
131,시즈테츠 호텔 프레지오 하카타에키마에,호텔,4,긍정,0.586839855,"(입지) 하카타 역에서 조금 떨어져 있습니다. 단지 선로를 따라이므로 하카타 출구에서도 치쿠시 출구 측에서도 가기 쉽다는 장점도 있고, 역 주변의 소란과는 무연한 장소입니다.…",긍정
132,호텔 오리엔탈 익스프레스 후쿠오카 텐진,호텔,5,긍정,0.990050852,번화가와 가까워 접근성이 좋고 객실이 깨끗하다,긍정
133,후쿠오카 토에이 호텔,호텔,5,긍정,0.982820392,저렴하고 좋은 호텔이었습니다.,긍정
134,호텔 오리엔탈 익스프레스 후쿠오카 텐진,호텔,1,부정,0.996886671,3명이 써서 그런지 진짜 방이 너~~무 너무너무 비좁고 지금 3월날씨에 바깥은 생각보다 쌀쌀하지만 방안은 따뜻한게 아니라 너무 더워요 에어컨을켜도 새벽되니까 중앙에서 조절하는지 에어컨이 안나오더라고요 이틀동안 ㅡㅡ…,부정
135,후쿠오카 리센트 호텔,호텔,2,긍정,0.592022121,"이 호텔은 리셉션이 좋지 않습니다. 말을 걸거나 기다리거나 아침 일찍 출발하여 프런트가 부재중으로 매우 곤란했습니다. 방도 경대의 뒤가 먼지 투성이, 청소도 적당합니다. 두번째는 없을지도.",부정
136,호텔 JAL 시티 후쿠오카 텐진,호텔,1,부정,0.998887479,"불친절하기 그지 없다. 프론트에서 영어 전혀 못함. 렌트카로 12시 도착, 3시부터 체크인, 12-3시까지 주차비 9천원 정도 따로 받음. 2:45분 다시 체크인 하러 왔더니 3시 정각까지 기다리라고 하네.. 불친절의 끝판왕! 비추천…",부정
137,더 베이직스 후쿠오카,호텔,5,긍정,0.95396477,"넓고 세련된 입구에 깨끗한 넓은 객실. 매우 편안하게 보낼 수있었습니다. 아침 식사 뷔페에서는 돼지뼈 라면이나 명태자 등의 당지물도 받을 수 있어, 매일 아침 과식해 괴로웠습니다.",긍정
138,ART HOTEL Kokura New Tagawa,호텔,1,긍정,0.735723794,"후쿠오카의 보조로 방을 맡기면, 충분한 여유가 있는데 좁은 세미 더블의 싱글의 방에 통과되었다. 보통은 그날의 밝은 상태로 넓은 방으로 할 것이다. 오늘의 빈방으로 조사하면 트윈도 더블도 패밀리의 방도 있는데다.…",부정
139,언플랜 후쿠오카,호텔,5,긍정,0.993051171,역에서 아주 가깝고 주변 환경도 훌륭해요!,긍정
140,ANA 크라운 플라자 호텔 후쿠오카,호텔,2,부정,0.988057613,"직원들은 교육을 잘 받았지만, 제가 묵었던 싱글룸은 정말 너무 작았습니다! 근처 로열 파크 호텔 같은 곳은 방이 세 배나 넓고 가격은 절반이었어요. 앞으로 이 호텔에 다시 묵을 일은 없을 것 같습니다.",부정
141,나인아워스 하카타 스테이션,호텔,5,부정,0.778271914,"윌러 버스 옵션으로, 샤워하고 싶고 이용했습니다. 장소가 이해하기 어려웠습니다.…",긍정
142,The Luigans Spa＆Resort,호텔,1,부정,0.935294092,"점심 식사로 레스토랑을 이용했습니다. 입점시부터 스탭이 소금 대응으로 놀랐습니다. 매우 기대하고 있었으므로 유감이었습니다. 주문이 정해져, 가게를 부르는 것도 좀처럼 알아차릴 수 없다. 눈치챘다고 생각해도 좀처럼 오지 않는다. 어쨌든 접객은 나쁘다고 느꼈습니다. 요리는 즐길 수 있었지만, 스탭 분들의 대응이 너무 나쁘고 유감이었습니다.",부정
143,야마모토 료칸,료칸,5,부정,0.615720928,시골 할아버지네 놀러온 느낌,긍정
144,플라자호텔 프리미어,호텔,2,긍정,0.817769885,"조금 낡습니다만, 떨어지는 호텔입니다. 경영이 바뀌기 전에는 아침 식사가 매우 맛있고 잘 이용했습니다. 오랜만에 이용하면… 수하물 보관소가 없는데 깜짝 ️자기책임으로, 짐을 둘 공간은 있다는 것. 누구나 짐에 노출되기 때문에 무서워서 짐은 동전 사물함에.…",부정
145,후쿠오카 하나 호스텔,게스트하우스,1,부정,0.962965608,"*오후 10시부터 새벽 1시까지, 관리자가 거실에서 투숙객들과 시끄럽게 대화를 나누었습니다. *오후 10시부터 새벽 1시까지, 관리자가 거실에서 투숙객들과 시끄럽게 대화를 나누었습니다. 호텔 자체 규정을 어긴 첫 번째 사례입니다! *처음 묵었을 때 일본식 객실을 예약했는데, 프런트 직원이 팔아버리고 예약하지 않았습니다. 나중에 2층 침대가 있는 방으로 옮겼습니다. 방은 먼지가 너무 많았고 코와 피부가 가려웠습니다. *두 번째 묵었을 때는 이틀 연속으로 오후 10시 30분부터 새벽 1시까지, 관리자가 1층 거실에서 투숙객들과 시끄럽게 대화를 나누었습니다. 투숙객들의 웃음소리와 대화는 2층에서도 들릴 정도였습니다. 만류는 효과가 없었습니다. 이는 투숙객에 대한 매우 무례한 처사입니다. 호텔 측에서 자체적으로 규칙을 정했는데, 지키지 않았을 뿐만 아니라 어기기까지 했습니다. 정말 끔찍해요!",부정
146,니시테츠 그랜드 호텔,호텔,1,긍정,0.658814847,"방에 들어서자마자 내 짧은 머리카락이 긴 머리카락 뭉치에 엉켰고, 욕실 세면대 테두리 전체가 때로 뒤덮여 있었다. 다른 방들에서는 담배 냄새가 났지만, 흡연 금지는 복도에서만 허용되었다.",부정
147,도미 인 하카타기온,호텔,3,부정,0.701823592,"여전히 대욕장과 조식은 훌륭하고 마음에 듭니다. 위치도 하카타와 나스카,텐지 이동하고 좋고 지하철역도 가깝습니다. 근처 24시간마트 및 드럭스토어도 있어서 좋고 조용합니다. 어른들이 좋아하실꺼예요 하지만 객실상태는 좋지않아요. 열리지 않는 창문, 꺼진 매트리스와 뭔가 오래된듯 한 베개, 좁은 객실사이즈 및 컨디션.. 다른 지역 도미인 다녔고 가격으로도 커버되지만 후쿠오카 이 곳은 가격으로는 ... 아쉽네요 나쁘지 않았으나 다음 후쿠오카방문시에는 여기말고 다른 곳을 이용할꺼 같네요(아쉽지만 가격메리트가 넘 없어요)",
148,Oniyama Hotel,료칸,4,부정,0.54786396,방계 쪽의 접객이 매우 좋다. 1박째는 싼 플랜이었지만 방식으로 밥도 꽤 맛있고 좋았습니다. 2박째는 지옥 찜이 붙어 좀 좋은 플랜으로 했습니다만 지옥 찜에 들어가 있는 야채는 맛있고 먹을 수 있지만 해산물이 파사파사로 맛있지 않습니다.,긍정
149,더 로얄 파크 호텔 후쿠오카 (The Royal Park Hotel Fukuoka),호텔,1,부정,0.997121394,"방은 엄청 낡은데 하룻밤에 10,000 NTD나 받다니 어이가 없네요. 예약할 때마다 성인 두 명으로 방 두 개를 예약하는데 항상 성인 네 명이 투숙해요. 아고다 시스템에 무슨 문제가 있는 건지, 방 두 개에 여섯 명 요금을 청구하고 조식은 하루만 제공하더라고요. 직원은 ""왜 두 명만 예약했냐고요? 예약 시스템에 물어보세요!""라는 식으로 반응했어요. 돈은 엄청 썼는데 미야코 호텔보다 백만 배는 더 형편없었어요. 우리가 미야코 호텔이랑 같은 수준이라고 생각하는 건가요? 외관과 장식에만 신경 쓰고 정작 중요한 내부 시설은 소홀히 했어요! 4성급도 아니고 2성급 호텔인데, 편의시설이라고는 하나도 없어요. 어떻게 감히 4성급 호텔이라고 할 수 있죠? 제가 틀렸나요? 예약 시스템에 엄청난 수수료를 주는 엄청 낡은 2성급 호텔이니 속지 마세요! 위치도 좁은 골목길을 지나야 해서 불편하고, 4성급 호텔이라고 하면서 매일 청소도 안 한다니요? 후쿠오카는 처음 가봤는데, 굉장히 불친절한 곳이었어요. 앞으로는 도쿄나 오사카 같은 대도시만 갈 생각이에요. 참, 후쿠오카에서는 많은 일본 사람들이 길거리에서 대놓고 담배를 피우더라고요. 정말 후진적이고 냄새나는 곳이에요!",부정
150,언플랜 후쿠오카,호텔,5,긍정,0.993295133,"침대에는 베개, 이불, 수건이 비치되어 있으며 매우 깔끔합니다. 짐 보관실에는 작은 사물함이 있어 소지품이나 큰 짐을 보관할 수 있습니다. 칸막이가 있는 공용 욕실과 세면도구(칫솔과 치약은 직접 가져오세요)가 있습니다. 세탁과 건조도 가능합니다. 편의시설이 완벽하고 가격도 매우 저렴합니다. 주요 관광지와도 가까워 텐진과 하카타로 이동하기에도 매우 편리합니다. 수면의 질은 다른 투숙객의 습관에 따라 크게 달라집니다. 호텔에서 귀마개를 제공해 드립니다.",긍정
151,도미 인 하카타기온,호텔,4,부정,0.709542692,"천연 온천 및 드라이 사우나가 있는 무료 서비스를 갖춘 호텔 ◆대욕탕은 적당히 넓고, 텔레비전 첨부 드라이 사우나도 8인위는 넣을 여유가 있다. 샤워 수압이 약하다.…",긍정
152,힐탑리조트 후쿠오카,호텔,1,부정,0.685856819,"(-""-;) 시내로부터 멀다.소전 시골 은행의 보양 시설",부정
153,후키노야,료칸,5,긍정,0.99274981,"객실은 편안했고, 리셉션 직원은 친절했으며 체크인 시 서비스를 하나하나 자세히 안내해 주었습니다. 저는 조식이 포함된 패키지를 구매했는데, 전반적으로 서비스에 만족했습니다. 다만 버스 터미널에서 목적지까지 1km 정도 거리가 있지만, 가는 길의 풍경 덕분에 즐거운 여행이었습니다.",긍정
154,코트 호텔 후쿠오카 텐진,호텔,5,긍정,0.655282319,"가격과 입지를 생각하면 불평하지 않습니다. 1층은 편의점이고, 무료☕도 있어, 방의 것과는 별도로 샴푸 린스의 대출도 있었습니다.",긍정
155,Hotel Vista Fukuoka Nakasu-Kawabata,호텔,2,긍정,0.587456644,"■장점 - 야타이나 돈키호테 등 근처에 갈만한 곳이 꽤 있습니다. - 가격 대비 시설이 괜찮습니다. 특히 대욕장이 깔끔합니다. - 체크인아웃 전후 캐리어를 보관해줍니다. ■단점 - 서비스는 잘 모르겠습니다. 특히 저희는 한국인이었는데, 한국인인 것을 알고도 끝까지 영어도 아닌 일본어로 응대하시더군요. 그런데 옆에 서양인 커플에겐 영어를 사용하시는게 황당했습니다. 더 황당한건 나중에보니 한국어를 할 줄 아시던데요. 잘 못 알아듣는것을 보면서도 왜 끝까지 일본어로 응대하셨는지 모르겠습니다. - 체크아웃이 오전 10시로 다소 빠릅니다.",부정
156,더 라이블리 후쿠오카 하카타,호텔,1,긍정,0.912942052,"THE LIVELY FUKUOKA HAKATA 더 라이브 후쿠오카 하카타 5-2-18 Nakasu, 후쿠오카, 일본, 810-0801🤧 1. Cheating Foreigners Hotels: The rooms photos on its web are not honest. The true room space when the…",부정
157,니시테츠 호텔 크룸 하카타,호텔,4,긍정,0.668698788,객실은 깨끗하고 편안합니다. 1층에 대욕탕이 있으므로 방은 샤워만. 샤워 룸 앞에 화장실과 화장실이 있고 화장실의 음영을 열면 유리 너머로 침대가 보이는 (밖의 빛이 들어오는) 만들기가 독특합니다.,긍정
158,료칸유리,료칸,5,긍정,0.990627766,유후인역에서 그리 멀지 않습니다. 저렴한 료칸의 갑입니다. 일하시는 모든분들 완전 친절.||예약 당일 야외온천(걸어서1분)과 실내온천 시간선택을 해서 독립으로 이용하구요. 오전시간(06:00~09:30)은 실내남탕여탕 자유롭게 이용할 수 있습니다. 객실에는 화장실과 세면만 됩니다만 크게 불편하지 않았어요. 밤 11시부터 새벽까지 밖을 나갈 수 없습니다만 유후인에서 밤 늦게까지 뭐 할껀 없어서 불편하지 않았습니다....2박을…,긍정
159,호텔 캐비너스 후쿠오카,호텔,5,부정,0.636768639,가격이상을바라지말것 대욕장은만족 이용객대비흡연실부족,긍정
160,후쿠오카 산팔레스 호텔 & 홀 (Fukuoka Sunpalace),호텔,4,부정,0.555126429,"음향은 좋네요. 어려움을 가장, 편리화 조금 나쁠까!",긍정
161,EN 호텔 하카타,호텔,1,긍정,0.898053586,"후쿠오카에서 단한가지 아쉬웠던점이 있어요 숙소에서 편하게 쉬는것.을 못했어요 이번에 혼자 가다보니 잠만 자면된다는 생각으로 아고다에서 대충 검색하고 갔어요 후기가 좋길래 아무 의심없었어요 위치좋고, 직원분들 다 친절하서 좋았어요 객실문 열기전까지요 객실 작다는건 알고갔으니 아무 문제 없었고 바닥이 눅눅하지만 느낌인가 싶었고 이불이 눅눅해서 좀 그렇네 했지만 히터켜고자면 되겠지하고 이불안덮고 누웠어요 근데 바퀴벌레를 봐버렸어요 욕실에서도 티비근처에서도사흘 내내 여기저기 기어다니는데. 한마리인지 몇마리인지 모르겠지만 매일 소름끼쳐서 잠을 제대로 못잤어요 불끄면 더 활발하게 다닐까봐 불 다 켜고 새벽 세시나돼서 잠을 못견디고 잠들수있었어요 방을 바꿔달랄까 했는데 마찬가지겠지 싶어서 참고 지냈어요 생각만해도 소오름이에요",부정
162,후루유 온천 온크리,료칸,2,긍정,0.517821968,"로비 디자인은 훌륭했고 서비스도 괜찮았지만, 일본식 객실에 들어서자 실망스러웠습니다. 객실은 너무 낡고 구식이어서 로비와는 전혀 어울리지 않았습니다. 객실 리모델링을 강력 추천합니다!",부정
163,호텔 캐비너스 후쿠오카,호텔,4,긍정,0.633813739,후쿠오카의 출장으로 사우나가 있다고 하는 것으로 이용했습니다. 개인실을 예약했지만…,긍정
164,컴포트인 후쿠오카 텐진,호텔,5,긍정,0.985618949,직원분들이 접어놓은 종이접기가 너무 귀여워요 방 컨디션도 좋아서 잘 쉬었습니다 :),긍정
165,A GOOD DAY FUKUOKA RIVERSIDE,호텔,1,부정,0.994798899,속은 사진과 완전히 다른 성인 2명 어린이 2명으로 세미 더블 1개 객실 준비 자란에는 침대 2 개와 소파 침대 1 개가 있었지만 돈을 돌려주세요. 사기입니다. 바로 체크아웃 시 다른 호텔 검색 체크인도 잘 모르겠습니다. 무인으로 대응 악 전화도 나온다 이런 곳 처음 보았다,부정
166,APA Hotel Hakata Eki Chikushiguchi,호텔,2,부정,0.505406499,"아파 호텔은 비즈니스맨의 아군이지만, 최근 청소가 잡잡하구나. 이 방은 거미줄과 책상 먼지가 정말 유감입니다.",부정
167,JAM HOSTEL博多駅前,게스트하우스,2,긍정,0.601219475,"남성 전용 침상에서는 작은 목소리로 하지만 말할 수 없다! 샤워, 화장실은 남녀 겸용인가?",부정
168,Japanesque Hotel Fukuoka,호텔,1,부정,0.998029292,"실제로 숙박해 보고 매우 유감스러운 체험을 했으므로, 앞으로 호텔을 예약하고 있는 분들에게 참고해 주시면 좋겠습니다. 우선, 숙박 요금은 하룻밤에 36,000엔이었지만, 그 가치에 맞는 서비스나 설비가 아니었다고 느꼈습니다. 방 전체가 매우 더럽고, 청결함이나 비품의 면에서도 문제가 많았습니다. 구체적으로는 창문이 너무 더럽고 밖이 보이지 않을 정도로 지금까지 닦은 적이 없다고 생각할 정도였습니다. 더블 침대 주위에는 먼지가 쌓여 있고 전화기에도 먼지가 붙어있었습니다. 게다가 손전등도 더럽고 바닥을 잘 보면 작은 쓰레기가 떨어진 상태였습니다. 게다가 엘리베이터 카펫도 매우 더럽고 깨끗한 느낌이 전혀 없었습니다. 3인용으로 더블 침대 1개와 접이식 소파 베드가 준비되어 있었습니다만, 소파 베드는 매우 짧고 좁고, 잠의 기분도 최악이었습니다. 특히 소파 베드를 열면 창쪽에 너무 가까워서 에어컨 실외기의 소리가 시끄럽고 밤새 잠을 잘 수 없었습니다. 게다가 창문의 냉기가 심해서 소파 베드에서 자고 있어 매우 추워서 편안한 수면을 취할 수 없었다. 비품의 면에서도 문제가 있었습니다. 3명이 이용하는데, 컵이 2개만 준비되어, 종이컵이 3개 겹쳐 놓여져 있을 뿐이었습니다. 이러한 상황에서는 가족뿐만 아니라 모든 사람의 이용을 권장하지 않습니다. 아침 식사도 예상치 못했습니다. 품수가 적고, 볶음밥 같은 밥은 오랫동안 놓여 있었던 탓인지, 조금 차갑고 맛있지 않았습니다. 이것은 아침부터 실망합니다. 또, 공항에 가깝다고 생각해 예약했지만, 실제로는 공항으로부터 환승이 필요해, 지하철로부터도 10분 정도 떨어져 있기 때문에, 액세스도 거기까지 편리하지 않았습니다. 체크인 시에는 프런트에 다른 손님의 이름이 적혀 있는 파일이 보이고, 개인정보가 발레가 되는 상태였습니다. 이것은 프라이버시가 보호되고 있다고 말할 수 없습니다. 이 호텔은 공항으로부터의 액세스가 좋다고 하는 점에서 선택했습니다만, 그 이외의 면에서는 전혀 기대 벗어났습니다. 깨끗함이나 비품의 면에서의 미비가 많아, 쾌적한 숙박과는 멀리 상태였습니다. 이 가격대라면 더 편안하고 깨끗한 호텔이 많이 있습니다. 앞으로 후쿠오카 여행을 계획하시는 분은 이 호텔을 추천하지 않습니다. 같은 예산으로 더 편안한 숙박 시설을 찾는 것이 좋습니다.",부정
169,Mercure Fukuoka Munakata Resort & Spa,호텔,1,부정,0.996953726,"환대 제로. 이렇게 기분을 해치는 호텔은 아직 경험이 없습니다. ・방의 유닛 버스는, 배수 냄새. ・프런트의 스탭이 카운터에 팔꿈치를 붙여 대기. ・식사 시에 스탭에게 말을 걸어도 무시. 두 번 숙박하지 않습니다.",부정
170,구루메 워싱턴 호텔 프라자,호텔,5,부정,0.689926386,"작은 방, 전형적인 일본식 1인실",긍정
171,포포인츠 바이 쉐라톤 후쿠오카,게스트하우스,5,긍정,0.985338449,"전반적으로 가격 대비 만족도가 높습니다. 근처에 편의점이 세 종류나 있고, 스미요시 신사는 길 건너편에 있으며, 하카타역은 도보로 10분 거리에 있습니다.",긍정
172,컴포트인 후쿠오카 텐진,호텔,5,긍정,0.699165702,관엽식물에 물을 주었을 때의 수압이었던 워슈렛트 이외는 매우 쾌적했습니다.,긍정
173,The BREAKFAST HOTEL 후쿠오카 나카스,호텔,1,부정,0.96086818,"위치는 좋고 직원들도 친절했지만, 저와 친구들 모두 벌레에 물렸습니다. 방은 각각 달랐지만 모두 10층에 있었어요. 다음에는 다른 호텔을 선택할 것 같습니다. 직원들은 사과했고, 이런 불만이 처음이 아닌 것 같았지만 결국 보상은 해주지 않았습니다. 즐거운 주말을 보냈지만 씁쓸한 기분으로 호텔을 떠나게 되었습니다.",부정
174,코코 호텔 후쿠오카 텐진,호텔,2,부정,0.992064536,"외관은 좋았지만, 실제 경험은 불쾌했습니다. 객실에는 다음과 같은 문제가 있었습니다. 1. 화장실에 들어서자마자 강하고 설명할 수 없는 냄새가 났습니다. 2. 객실에 생수가 매일 제공되지 않았습니다. 3. 호텔이 도로 바로 옆에 있어 밤에는 소방차, 경찰차, 과속 차량 등 교통 소음이 매우 심했습니다. 4. 객실이 그다지 깨끗하지 않았습니다. 소파에는 눈에 띄는 먼지가 있었습니다. 하지만 텐진 지역과 비교적 가까워 쇼핑몰을 이용하기에는 편리했습니다. 지하철역도 가까워 텐진역(도보 8분)과 텐진남역(도보 2~4분)까지 갈 수 있었습니다. 짐 보관 서비스도 제공했습니다. 직원들은 영어를 구사하며 친절했습니다. 추가 베개 두 개를 요청했는데, 객실로 가져다주었습니다.",부정
175,도큐스테이 하카타,호텔,2,긍정,0.766039014,빨래할 필요가 없다면 이 호텔은 정말 고려해볼 만합니다. 단점: 객실이 기찻길 바로 옆에 있습니다. 하카타는 기차가 많이 다니는 주요 역이라 기차 소리가 아주 크게 들립니다. 소음에 민감하신 분이라면…,부정
176,The BREAKFAST HOTEL 후쿠오카 텐진,호텔,4,긍정,0.578587711,"다른 호텔에 비해 세탁대, 건조기대는 싸다고 생각합니다. 세탁기 300엔(세제 포함), 건조기 100엔(30분)…",긍정
177,호텔 캐비너스 후쿠오카,호텔,4,부정,0.698146343,개인실에 열쇠를 붙이고 싶다. 그 이상은 원하지 않습니다!,긍정
178,호텔 몬토레 라 스루 후쿠오카,호텔,5,긍정,0.991436064,"호텔은 텐진 백화점 근처에 위치해 있으며, 근처에 여러 편의점이 있습니다. 객실 요금도 저렴하고 호텔도 매우 깨끗합니다. 강력 추천합니다.",긍정
179,APA Hotel Hakata Eki Chikushiguchi,호텔,2,긍정,0.890711069,"객실은 고시원을 연상시킬만큼 매우 좁으나 구성은 잘되어있는 편.1명은 그냥 저냥 잠만 잔다 생각하면 괜찮지만 2명이 투숙하는건 숨막힐거같다는... 뷰는 옆건물 뷰. 침구류도 나름 편안했고 일본 호텔답게 어메니티도 괜찮았다. 3박 예약을 했는데 첫날 체크인할때 물 1병이 있었는데 물 리필은 안되는듯? 위치는 하카타역 뒷쪽이라 애매한듯. 결국 여행객들 목적지는 텐진, 나카스쪽이라 비싼 지하철을 타고 가던가 걸어다녀야된다. 체크인 시간 3시가 되면 체크인 대기 손님들이 가득하여 제 시간에는 절대 입실 불가하고 최소 몇십분은 기다려야한다. 얼리체크인은 절대 불가인듯한데 적절히 얼리체크인을 시켜줘야 체크인 대기시간이 없을텐데 융통성이 필요해보인다. 리셉션 직원중 나이 많은 여직원은 매우 불친절하고 불쾌했다. 영어로 질문을 하는데 딱딱하고 고압적인 자세로 일본어로 답변하는 어처구니없는 응대는 최악이었다.",부정
180,캐널시티 후쿠오카 워싱턴 호텔,호텔,2,긍정,0.945273757,(좋은 점) 90년대의 헤세이 레트로를 맛볼 수 있다. 텐노즈 아일이나 랜드마크 플라자라든지 그 근처의 90년대의 극장 쇼핑몰 호텔이 일체화한 재개발의 공기가 그대로 남아 있어 지금은 귀중.…,부정
181,ART HOTEL Kokura New Tagawa,호텔,2,부정,0.648257256,겉옷을 입고 가는 경우가 많은 호텔인데 화장실 큰 방에 겉옷 걸이가없는 것이 유감. 신경이 쓰이지 않는다고 유감. 식사도…,부정
182,그랜드 머큐어 벳푸완 리조트 & 스파,료칸,2,부정,0.989506543,"◎시설의 노후화 온천은 리폼하고 있는지 깨끗했지만, 방과 공용부의 노후화가 눈에 띈다. 일본식 객실은 벽과 소파 얼룩, 에어컨 곰팡이가 있습니다.…",부정
183,언플랜 후쿠오카,호텔,3,부정,0.583926141,서비스와 위치는 최상 캡슐호텔이라 방음이 안되는건 이해하지만 침구류에 먼지가 너무너무너무너무너무 많았다 ㅠ,
184,다이와 로이넷 호텔 후쿠오카 - 니시나카스,호텔,5,부정,0.612111449,2018.2월 오픈. 프런트는 2층. 데이 유스 없음.…,긍정
185,몬탄 하카타 호스텔,호텔,1,부정,0.998679221,"가격은 비싸고, 별다른 일 없고, 코로나를 이유로 아침의 뷔페도 뷔페 나오지 않고, 버스, 화장실 전용 방과 다소 한 말투로, 결국 유닛 버스 했고, 그것보다, 어디의 단체인지 모르지만, 한밤중에도 프런트에서 큰 소리로 말하고 있어, 전혀 편하지 않는다. 여기는 절대로 추천 할 수 없습니다. 이 호텔의 코스파라면 그 밖에 반액 이하로 묵을 수 있는 곳은 많이 있습니다. 실패했습니다(>_<)",부정
186,후지노엔,료칸,5,부정,0.98396033,"2시간 700엔 자판기로 뽑아서 카운터에 내고, 매우 얇은 수건 대여 100엔은 현금으로 빌리면 됨 입구 락커 신발은 10엔 넣고 반환됨 탕 락커는 10엔 반환 안됨",긍정
187,야스라기 나카스,게스트하우스,5,긍정,0.969517231,한국인 사장님 너무 친절하시고 좋아요 위치도 좋고! 이것저것 알려주심 아쉬운건 취사가 불가뿐!,긍정
188,컴포트인 후쿠오카 텐진,호텔,4,긍정,0.615158498,일찍 체크인하려고 인근 코인 주차장을 찾으면 쇼핑으로 오고있는 차로 늘어선 만차였습니다.,긍정
189,미야코 호텔 하카타,호텔,5,부정,0.956019461,"가격은 괜찮지만 약간 비싼 편입니다. 1110호에 체크인했는데, 욕실 샤워기 헤드가 매우 더럽고 찌든 때가 가득했습니다. 정기적으로 청소해야 할 것 같습니다. 욕조에 물이 가득 찼을 때 배수구에도 물때가 심하게 끼어 있었습니다. 변기 배수구 주변에도 청소되지 않은 찌든 때가 많았습니다.",긍정
190,Japanesque Hotel Fukuoka,호텔,1,부정,0.994076729,"사실은 하나도 별을 붙이고 싶지 않습니다. 우선 체크인에 대응한 사람이 폰코트. 카드키는 반응하지 않고, 교환에 왔을 때도 카드키를 사용할 수 있는지 확인하지 않고 전달하려고 왔다. 방은, 뭐 꽤 잘 찍힌 사진이 사용되고 있어 스위트라고는 말할 수 없는 유감감. 입실했을 때도 에어컨이 끊어져 작열 지옥. 화장실 주위는 제대로 청소되지 않고 소변이 바닥에 쏟아져 편의점 남자 화장실 같은 냄새가 난다. 시트는 확실히 보고 아는 위치에 더러움이 있는 것이 사용되고 있어, 기대하고 있던 자쿠지는 도브의 냄새로, 들어갈 생각조차 일어나지 않았다. 수영장도 언제 물을 바꾸었는지 모르는 정도로 흐려서 들어가지 않았습니다. 대신으로 교환된 방은, 욕실과 화장실이 칸막이가 없고, 방과 목욕탕의 문은 샤워의 물이 방에 새어 물침지가 되는 것 같은 구조로, 탈의장도 없기 때문에 곤란했습니다. 사과에 온 청소 담당도 우리에게는 관계가 없는 변명뿐이었고, 지배인다운 사람도 성의를 느낄 수 없었다. 체크아웃은 체크인 시의 사람이 아니었지만, 일련의 불편함이 계승되지 않았는지, 사과도 없었습니다. 밤에는 식사로 외출했습니다만, 그렇게 호텔에 돌아가고 싶지 않다고 생각한 것은 처음입니다. 정말 돈을 돌려주고 싶습니다.",부정
191,라이프텐진후쿠오카,호텔,5,긍정,0.9852373,방은 깨끗하고 직원들은 좋은 서비스를 제공합니다. 주방과 공용 공간이 있어서 좋습니다.,긍정
192,베셀호텔 후쿠오카 카이즈카,호텔,1,부정,0.988983452,화장실의 탱크가 10분 간격으로 왜 소음. 레이트아웃 플랜으로 찍었는데 한 잠도 못해 아침 4시에는 나왔다. 전실이 아니라고 믿고 싶지만 빗나간 방 안내되면 끝이므로 이쪽의 이용은 삼가하고 싶다,부정
193,The OneFive Marine Fukuoka,호텔,1,부정,0.961071312,"다른 방의 소음이 둥글게 들립니다. 소리가 걱정되는 사람은 그만두는 것이 좋습니다. 매우 불쾌. 그리고, wi-fi 있는데 연결하기 힘들다.",부정
194,산라이프호텔 2.3,호텔,2,부정,0.995810032,10층의 방에서는 wi-fi가 곧바로 끊어져 사용물이 되지 않는다 또한 환기 팬의 성능이 낮거나 화장실이 냄새가납니다. 시계가 1 시간 이상 어긋나 있어 게다가 공구 없이는 설정할 수 없다…,부정
195,APA Hotel ＆ Resort Hakata-Ekihigashi,호텔,5,부정,0.821407855,스탭이나 정중하게 대응해 주었다,긍정
196,크라운 팔레스 키타큐슈 호텔,호텔,3,긍정,0.538083196,"요 전날, 모회사의 친목회에 참가했기 때문에 보냈습니다!",
197,캐널시티 후쿠오카 워싱턴 호텔,호텔,1,긍정,0.529339194,정말 찾기 힘든 곳에 있습니다…,부정
198,APA Hotel Fukuoka Tenjin West,호텔,5,긍정,0.987697542,"후쿠오카시 주오구에 위치한 「아파 호텔 후쿠오카 텐진니시」는 아카사카 지하철역에서 도보로 10분 이내 거리에 있으며, 매우 접근하기 쉬운 입지가 매력입니다. 호텔 주변에는 슈퍼마켓, 편의점, 음식점이 풍부하며, 체류 중 식사나 쇼핑에도 곤란하지 않는 매우 편리한 환경입니다. 개업으로부터 5년 정도가 경과하고 있습니다만, 설비는 새롭게 청결감이 유지되고 있어 쾌적하게 보낼 수 있습니다.…",긍정
199,Kiyonoya,료칸,2,긍정,0.795767128,식사중에 디저트가 나왔다(게다가 아이스크림)은 처음이었기 때문에 놀랐습니다. 아이스크림을 먹고 나서 다시 식사를 재개했지만 손님을 소중히 생각하지 않은 것이 전해지는 사건이었지요.,부정
200,호텔 하나게시키,료칸,2,긍정,0.830048501,paypay 사용할 수 있습니다. 외국인 투성이. 바닥은 기울어져 있습니다. 다다미는 베코베코. 대욕장은 씻는 곳 9개. 미끄럼틀 있음. 강을 따라 경치는 좋다. 환영 스위트 있다. 설명서는 한국어. Wi-Fi 있다. 방의 열쇠는 닫히기 어렵다.,부정
201,분쇼도 호텔,호텔,5,긍정,0.993459225,3월 15일부터 17일까지 2박을 했습니다. 하카타역에서 가깝고 주변이 조용하고 가격도 괜찮아서 좋았네요. 1층에 카운터와 커피숍이 같이 있고 직원들은 매우 친절했어요. 체크인 하니까 커피숍에서 쓸 수 있는 웰컴드링크 쿠폰을 주네요 ㅎㅎ 아침 조식은 특별하게 없고 1층 카페에서 커피 또는 주스 음료 한잔과 즉석으로 만든 파이 같이 생긴 계란오믈렛 빵을 하나 주네요..맛있었어요 3명이서 4인용 이층침대방을 사용했어요 방은 좀 좁은 편이었지만 샤워실과 화장실 깨끗했어요 다만 창문이 조그맣게 있는데 열리지 않아 화장실 환풍기를 켜서 환기를 시켰어요 그렇지만 다음에 또 후쿠오카에 간다면 이 호텔에서 묵을거 같네요..,긍정
202,호텔 몬토레 라 스루 후쿠오카,호텔,5,긍정,0.971968114,숙박 기간: 12월 1일 - 3일 호텔에는 기계식 주차 타워가 있지만 주차는 불가능합니다. 지하에 세븐일레븐이 있어 매우 편리합니다. 텐진 지하철역도 가까워 교통도 편리합니다.…,긍정
203,니시테츠 호텔 크룸 하카타,호텔,5,부정,0.56471324,"방으로부터의 전망이 선로&버스 대기소 뷰였기 때문에 보고 질리지 않았다. 방은 넓다. 프런트에서는 지참한 보냉제를 냉동해 주었다. 아침 식사는 일식 식사 플랜으로 하여 도미차 절임을 선택했지만, 기대했던 만큼은 아니었다. 양이 부족했다. 많이 먹고 싶다면 일본과 서양 뷔페를 선택하세요. 하카타역에서 조금 걷는다.",긍정
204,후루유 온천 온크리,료칸,2,긍정,0.900513351,"노천탕은 산간에 있어 기분이 좋다. 온천질은 옛탕과는 다른 생각이 든다. 노천탕 이외에는 가격에 맞지 않지만, 손님을 데리고 가려면 조금 고급감이 있어도 좋다. 이곳은 1층에 이탈리아 요리 레스토랑이 있다. 맛있는 ❗ 온천보다 레스토랑이 좋다. 레스토랑⭐４ ※가게의 이름이 나오지 않는다. 😨…",부정
205,후키노야,료칸,4,긍정,0.702461362,개인탕 3개중에 大방은 진짜 온천이지만 나머지 2개는 보일러로 식은 온천수를 데워서 제공하는 『가짜』였다. 그렇지만 시설등은 아주 쾌적한편.,긍정
206,라이프텐진후쿠오카,호텔,5,부정,0.824650824,"후쿠오카를 방문하시는 분들께는 하카타역에서 가깝지는 않더라도 텐진이마이즈미 지역에 숙소를 잡는 것을 우선적으로 추천합니다. 만약 이곳에 묵으신다면, 공간 활용도를 높이기 위해 발코니가 있는 객실을 예약하시는 것을 권해드립니다.",긍정
207,머큐르 후쿠오카 무나카타 리조트 & 스파,호텔,5,긍정,0.991387427,호텔내도 깨끗하게 청소되고 있어 무엇보다 직원의 대응이 몹시 좋다고 느꼈습니다.,긍정
208,호텔 마이스테이스 후쿠오카 텐진,호텔,2,부정,0.905561686,방이 너무 작아요...면도기 등 위생용품이 부족해요...,부정
209,The Luigans Spa＆Resort,호텔,1,부정,0.933720469,"요 전날 웨딩 페어에서 이용했습니다. 일생에 한 번의 결혼식이므로, 다른 결혼식장도 복수 견적을 받고 있어, 요리의 내용·접객 등 견 비교한 후에 결정하고 싶다고 참가했습니다. 하지만 여기서 끔찍한 눈을 떴다. 남성의 담당자에게 당했습니다만, 영업이 끈질기게, 예정하고 있던 시간을 대폭에 지나도, 예약만으로도 받을 수 없는가(캔슬료 5만엔 걸립니다)라고 몇번이나 말해져, 돌아갈 수 없었습니다. 밤 19시를 돌고 있었습니다. 아마 이 남자는 웨딩 페어만 참가하면 회사에 있어서는 아프기 때문에 5만엔만으로도 벌고 싶었을 것입니다. 같은 계열의 위즈더 스타일 후쿠오카의 웨딩 페어에 참가했을 때도, 여성 스탭으로부터 같은 시간을 지나도 끈질긴 영업을 했습니다. 아마도 이 회사는 그러한 매뉴얼이 되어 있다고 의심하지 않아도 됩니다. 다른 결혼식장에서 여기까지 끈질긴 곳은 없었습니다. 여기까지 끈질기면 경영 상황이나 회사의 이념 등을 의심하지 않아도 됩니다. 솔직히 시식 요리는 맛있었습니다. 맛은 짙은 것이었지만 만명 받을 것 같은 내용이라고 생각했습니다. 저녁에 온 적이 있었습니다만, 똑같이 맛있다고 생각했던 만큼, 유감이 아닙니다. 결국 다른 식장으로 결정했습니다. 이제 이쪽을 이용하는 것은 없다고 생각합니다. 그 쪽의 생각을 밀어붙이는 것 같은 영업은, 쌍방에 있어서 싫은 기분이 될 뿐이므로 그만두는 것이 좋다고 생각합니다.",부정
210,WITH THE STYLE FUKUOKA,호텔,2,긍정,0.886666119,"철판구이 쪽으로 들었습니다만, 요리의 맛은 스테이크, 야채, 마지막 마늘 라이스까지 맛있었습니다 점원의 대응은 마이치 이쪽이 서두르는 취지, 전하고 있는데 철판에서 떨어져 다음이 나올 때까지 기다린다…",부정
211,플라자호텔 프리미어,호텔,5,긍정,0.99325949,모든 게 훌륭했어요!,긍정
212,크로스라이프 하카타텐진,호텔,3,부정,0.650899529,"호불호가 갈리는 호텔입니다. 이전에 묵었던 호텔 마이스테이(텐진역 근처 지점)는 훨씬 만족스러웠는데, 이번 호텔은 훨씬 새로 지어졌습니다. 사진만 보고 기대했는데, 다락방이 있는 방은 4명이 쓰기에는 너무 작았습니다. 아마 도심 호텔은 객실 크기가 작은 것 같습니다. 그럼에도 불구하고 청결도는 괜찮았습니다. 공용 수영장이 있어서 좋았습니다.",
213,란도오 레지덴셜 호텔 후쿠오카,호텔,5,긍정,0.99413681,후쿠오카 자주가는데 여기는 가족단위로 머물기에 최고인거 같아요~ 너무 깨끗하고 스탭도 있어서 체크인아웃 편하고 근처 24시간 써니마트도 있고 하카타와 텐진 딱 중간이라 어디로도 편하게 이동가능하네요~ 길 건너에 마누커피가 있네요,긍정
214,The Luigans Spa＆Resort,호텔,3,부정,0.695827544,"몇 번이나 묵은 적이 있지만 부담없이 리조트 기분을 맛볼 수 있다고 생각한다. 최근 호텔을 새롭게 개장했는지 분위기가 바뀐 것 같다. 여기 점심 뷔페를 가족으로 이용했지만, 옛날처럼 조용히 식사를 할 수 있는 느낌이 아니었다. 웨이터가 부드럽게 큰 소리로 싸우기 때문에 이자카야라고 생각할 정도였다. 이전과 같은 고급감이 없어진 것 같다.",
215,Japanesque Hotel Fukuoka,호텔,5,긍정,0.972287178,좋은 장소였습니다.,긍정
216,호텔 몬테 에르마나 후쿠오카,호텔,2,부정,0.993053854,위치가 좋고 가격면에서 착해서 선택했는데 객실이 너무 작아요. 물론 가격이 착해서 그것도 다 이해 할 수 있는데… 에어콘이 소리가 너무 큽니다. 잘수가 없어요. 에어콘을 끄면 더워서 자기가 어렵고 켜면 에어콘 소리 때문에 잘수가 없습니다ㅠㅠ,부정
217,후쿠오카 토에이 호텔,호텔,5,긍정,0.606957972,방은 깨끗합니다. 문이 자동 잠금이 아닌 것이 곤란하다.,긍정
218,APA Hotel Hakata Ekimae 3-chome,호텔,1,부정,0.984030128,하카타 역에서 너무 멀었습니다.,부정
219,힐튼 후쿠오카 씨호크,호텔,3,부정,0.507784367,"몇 년전에 여기서 결혼식을 들고, 스탭씨의 대응의 장점을 느꼈습니다. 그 후도, 기념일 등에서 레스토랑이나 뷔페를 이용하였습니다. 이번에는 딸기의 디저트 뷔페를 이용했습니다. 스위트는 맛있었습니다 만, 회계시의 스탭의 대응이 유감이었습니다.…",
220,Hotel Grand View Fukuoka Airport,호텔,5,긍정,0.994674683,공항에서 차로 금방 갈 수 있는 거리에 있습니다. 매우 편안하고 깨끗했어요. 직원분들도 친절하고 특히 프런트 데스크의 남자분이 반갑게 맞아주셨습니다. 정말 좋은 경험이었어요!,긍정
221,비아인 하카타구치에키마에,호텔,1,긍정,0.730958462,"객실・트윈룸을 1인 이용. 버스・화장실 독립의 세탁장 첨부. 사용하기 편리. 어메니티는 최소한. 프론트 부근에서 받자. 서비스·주차장 예약제(예약 필요). 콘에 이름 기재로 장소 ​​표시. 이해하기 어렵다. 그리고 개인 정보 보호는 어떻게됩니까? 용사가 빨리 정리했기 때문에, 14시 정도에 도착. 체크인은 15시. 절대 15시까지 기다려. 할 수있는 방은 전혀 없습니까?…",부정
222,언플랜 후쿠오카,호텔,1,부정,0.713228047,"PayPay 돔에서의 라이브에 이용했습니다. 번창기 안에서는 코스파 잘 잠자리의 확보가 생겼습니다만… 미안해, 친구등에 추천은 할 수 없습니다. 샤워를 하려고 하면 물이 나오지 않는다. 밤새도록. 다음날 아침도 나오지 않는다. 그렇지만, 긴급시의 연락처도 없고, 샤워는 단념. 겨울이었기…",부정
223,솔라리아 니시테츠 호텔 후쿠오카,호텔,5,긍정,0.981878102,넓고 깔끔한 실내 좋아요,긍정
224,램프라이트북스호텔 후쿠오카,호텔,1,긍정,0.600565135,"정말 실망스러웠어요. booking.com으로 테라스가 있는 방을 예약했는데, 무슨 이유인지 테라스가 없는 방을 안내받았어요. 너무 지쳐서 짐을 다시 옮기는 수고를 할 엄두가 안 나서 그냥 묵었지만, 이번 경험 때문에 후쿠오카에 대한 인식이 완전히 바뀌었어요. 얼른 집으로 돌아가고 싶네요.",부정
225,더 원파이브 테라스 후쿠오카,호텔,1,긍정,0.86273092,객실은 깨끗하고 넓고 좋았습니다. 아침 8시에 문 손잡이에 아침 식사가 있다고 했는데 9시까지 기다렸습니다만 없기 때문에 편의점에 사러 갔습니다.…,부정
226,ANA 크라운 플라자 호텔 후쿠오카,호텔,2,긍정,0.934623957,"하카타구에서도 유수한 입지, ANA라는 브랜드. 기대할 수 있는 요소 모리다쿠씨… 일단 경영진이 실제로 현장을 보고 개선해야 할 점이 있다고 인식되어 대응되기를 부탁드립니다.",부정
227,호텔 마이스테이스 후쿠오카 텐진,호텔,5,긍정,0.993815184,텐진 역에서 매우 가까이 분위기도 좋고 최고,긍정
228,그랜드 하얏트 후쿠오카,호텔,5,부정,0.557007968,"연박인데 룸이 너무 끝에있어서 진짜 너무 힘들었어요 ㅠ 그치만 근처에 딴 숙소보다 룸이 큰건 인정!!. 한달전에 예약해서 같은시기 숙소들보다 조금은 저렴하게 갔다온거같구요. 캐널시티 구경할때도 좋았습니다.! 하지만 하카타역 텐진미나미역 보시는분들이라면 조금은 멀어요~ 그치만 걸어서, 지하철 타고도 구경 쌉가능이구요 룸상태 괜찮지만 연박시 청소 설렁설렁합니다 그냥 물건만 채워주는 정도 밤마다 편의점이나 마트 털어서 술이나 시원한 음료 마신다면 각층마다 얼음제빙기 있으니 잘 찾아보세요!! 옆방에 코끼리가 자는지 코고는 소리는 들렸습니다 . 잘 쉬다 갑니다",긍정
229,더 라이블리 후쿠오카 하카타,호텔,1,긍정,0.82762903,좋은 점 ・로비의 분위기는 좋다 ・해피 아워의 서비스는 기쁘다…,부정
230,Manposou,료칸,5,긍정,0.995480061,"시가 섬 드라이브 때에 들러 조금 늦은 점심을 받았습니다. 저는 튀김 정식, 사방은 해물동을 주문했습니다만, 메인으로부터 부채, 국물, 디저트로부터 절임에 이르기까지 어느 품도 매우 맛있기 때문에, 두 사람 모두 깨끗이 먹어 다 버렸습니다😅신체가 솔직하게 기뻐하는 맛이 아닐까라고. 자리에서 바다를 한눈에 볼 수 있는 사치스러움, 바위밭에서 휴식하는 새들의 모습에도 마음 치유되었습니다. 친숙한 여장 씨의 시가 섬에 곁들여지는 역사 이야기도 good 👍, 다음 번은 생선회와 구운 생선을 꽉 짜고 싶습니다 😊…",긍정
231,더 밀레니얼스 후쿠오카,호텔,2,긍정,0.743108213,"액세스가 좋고 내장 멋지고, 스탭의 접객도 좋았습니다. 단지 침대와 베개가 너무 부드럽고, 전혀 자지 못하고 4박 괴로웠다,,",부정
232,더 로얄 파크 호텔 후쿠오카 (The Royal Park Hotel Fukuoka),호텔,2,부정,0.960770369,"객실은 평범했고, 아침 식사는 별로였어요. 너무 짰어요. 이곳은 중국 음식을 만들려고 노력하는 것 같았는데, 아침 식사에 샤오롱바오(소룡포), 마파두부, 쫑쯔(찹쌀 경단) 등이 있었지만, 정통 중국 음식과는 거리가 멀었어요. 반면에 일본 요리인 된장국과 명란젓 주먹밥은 꽤 맛있었어요.",부정
233,머큐르 후쿠오카 무나카타 리조트 & 스파,호텔,2,부정,0.984712839,식사가 맛있지 않았다. 일본식 이불이 매트리스를 깔고 이불로 사용하고 있어 상당한 위화감이었습니다.,부정
234,호텔 몬토레 라 스루 후쿠오카,호텔,1,부정,0.997416615,"이 호텔은 여러 번 이용해 봤지만, 서비스와 음식 모두 예전보다 훨씬 떨어졌습니다. 프런트 직원들의 피부색이 다소 어두워서 투숙객들이 불편함을 느꼈습니다. 명란젓 조식 메뉴도 예전보다 종류가 훨씬 적어졌습니다! 정말 실망스러웠습니다!",부정
235,호텔 오리엔탈 익스프레스 후쿠오카 텐진,호텔,1,긍정,0.638626039,위치는 정말 좋고 방 크기도 혼자 쓰기에는 문제 없었습니다 리뷰에 많던 화장실 냄새도 안났어요 다만 룸 바닥에 얼룩이 너무 많았습니다 사실 이 부분은 괜찮아요 호텔이 깔끔하다는 장점이 있지만 그만큼 이용객이 많으니 어쩔 수 없다고 생각합니다…,부정
236,더 라이블리 후쿠오카 하카타,호텔,1,부정,0.971314609,"23시경에 샤워를 하고 있었더니 물도 뜨거운 물도 없어졌다. 몸을 씻고 있는 도중이었기 때문에 씻어낼 수도조차 불편했다. 프런트에 샤워의 건을 전하러 가면 「지금 단수하고 있기 때문에」라고만 전해졌다. 알고 있다면 고객에게 전달해서는 안됩니까? 그 때에 대응해 주신 것은 여성 분이었습니다만, 귀찮은 것이 태도로부터 느낄 수 있는 정도 잡담한 대응이었습니다. 듣지 않으셨다면 전하지 않을 생각이었을까요? 방등은 좋았습니다만, 그 점이 유감이었습니다. 추천할 수 없습니다.",부정
237,ART HOTEL Kokura New Tagawa,호텔,1,부정,0.998705864,"웹사이트 설명에 속지 마세요. 정원을 제외하면 호텔 전체가 완전히 형편없습니다. 한마디로 표현하자면, 낡고, 냄새나고, 허름하고, 더럽습니다. 관리 상태는 전혀 찾아볼 수 없습니다.…",부정
238,나인아워스 하카타 스테이션,호텔,4,긍정,0.709660709,"가격도 저렴하고 혼자 숙박할 때는 충분하다고 생각합니다. 보다 편안하게 보내고 싶다면 슬리퍼와 잠옷은 지참하는 것이 좋습니다! 잠옷이 조금 흔들리고 촉감이 나쁘고 작고, 슬리퍼는 일회용으로 신기 어렵습니다. 사이즈는 수에 한계가 있는 것 같지만, 변경할 수 있는 것 같았습니다.…",긍정
239,니시테츠 그랜드 호텔,호텔,1,긍정,0.77918303,"우연히 방이 나빴던지 모르겠지만, 밖에서의 차의 소리, 인간의 목소리가 들려 천천히 잠들 수 없었습니다. 지난 주에 머물렀던 ANA는 도로 쪽이었지만 깨지지 않았습니다. 니시테츠 그랜드 호텔은 호텔 직원의 서비스가 좋은만큼 유감입니다.",부정
240,니시테츠 그랜드 호텔,호텔,5,긍정,0.995245039,텐진역에서 조금은 걸어야하지만 이치란도 가깝고 쇼핑하러 잘 다녔습니다! 직원분들이 정말친절하십니다! 생각보다 노후하지않고 깔끔해서 더욱 만족스러웠어요~! 잘 쉬다가 갑니다☺️,긍정
241,Hotel Live Max Fukuoka Tenjin West,호텔,2,부정,0.994766831,"비명입니다. 라쿠텐 여행으로 별 4 있어, 입지가 편리하고 있었기 때문에 예약했습니다만, 호텔의 입구로부터, 그다지 좋아하는 느낌이 아니다고 생각했습니다. 전반적으로 빛이 어둡습니다.…",부정
242,크로스라이프 하카타텐진,호텔,5,긍정,0.994214714,위치도 좋고 주변이 텐진과 하카타를 연결하는 중심부에 있어서 관광다니기도 너무 좋습니다. 방 컨디션도 너무 좋고 신식이라 전부 깨끗하고 직원들도 친절하고 좋았습니다.😄,긍정
243,호텔 마이스테이스 후쿠오카 텐진,호텔,5,긍정,0.992893755,위치 최고 방 컨디션도 좋고 조용함 두번째 방문임,긍정
244,캐널시티 후쿠오카 워싱턴 호텔,호텔,5,긍정,0.994448543,"최고의 호텔입니다. 누가 오래됐다고 욕합니까?? 너무 깨끗, 깔금. 그리고 위치는 후쿠오카에서 최고. 직원분중 이름은 모르지만 한국어로 응대해준 여성분 너무친절하고 카고패스 접수 너무 도와주셔서 감사합니다. 제가 후쿠오카 여행간다면 이곳에서만 숙박할겁니다",긍정
245,아미스타드호텔 후쿠오카,호텔,5,긍정,0.994967163,"이번 후쿠오카 여행에 이용했는데 최고입니다. 로비는 좁지만 숙소가 다른 일본숙소들보다 넓고 조용합니다. 특히 직원분들도 너무 친절하시고, 머무르는 내내 기분 좋았습니다. 주변에 편의점도 가깝고 맛집도 많이 있어서 좋았습니다~!! 다음에 또 후쿠오카 가게되면 숙소는 여기로 할래요~ 강추 강추",긍정
246,ANA 크라운 플라자 호텔 후쿠오카,호텔,5,긍정,0.990100861,"인터컨티넨탈 그룹에서 국내에서는 여기가 1번 서비스를 해준다고 생각한다. 몇 번이나 이용하고 있습니다만, 체인에 쓸데없는 시간을 받는 일도 없고, 체크아웃도 부드럽습니다. 단지 이것만 할 수 없는 호텔이 얼마나 많아 손님을 불편하게 만드는지 모르겠습니다.…",긍정
247,EN 호텔 하카타,호텔,3,긍정,0.500344932,값싼호텔. 하지만 지내기에 문제는 없다,
248,더 블라섬 하카타 프리미어,호텔,5,긍정,0.96334511,"객실은 넓고 전통 일본식 다다미 공간이 마련되어 있습니다. 객실 청소 서비스는 훌륭하며, LB는 무료 커피 머신, 넓은 공용 목욕탕, 헬스장을 제공합니다. 바로 근처에 스타벅스가 있고, The Full Full Hakata, Bread Espresso & Hakata 등 맛집도 많습니다.",긍정
249,언플랜 후쿠오카,호텔,2,긍정,0.534529328,공용 욕실과 공용 화장실에서 절망하고야 말았습니자....,부정
250,하이네스 호텔 쿠루메,호텔,2,긍정,0.544101298,"좁았지만, 숙박만이라면, 뭐 괜찮아, 라는 느낌입니다.",부정
251,니시테츠 인 후쿠오카,호텔,5,부정,0.536070883,텐진보다 나카스 카와바타에 가깝습니다.,긍정
252,The Luigans Spa＆Resort,호텔,3,긍정,0.728676319,"남자 친구의 생일에 사용했습니다. 날씨도 좋고, 방으로부터의 전망도 최고였습니다. 방도 깨끗하고 느긋한 시간을 보낼 수 있었습니다. 단지, 유감이었던 일이 있습니다. 아침에 대욕장을 이용했습니다만, 휴대를 대욕장내에 반입해 욕조에 잠기면서 사용되고 있는 분이 있었습니다. 아마 해외 쪽이지만, 도촬 등의 목적이 아니더라도, 거기만이 유감이었습니다.",
253,힐튼 후쿠오카 씨호크,호텔,2,부정,0.624343753,"여행사에서 예약했습니다. 어른 1명, 유아의 아이 1명으로 트윈의 방 예약했습니다만 어른 1명으로의 예약이 되어 있었습니다. 요금은 어느 쪽으로 해도 변하지 않기 때문에 좋지만, 여행사 측과 호텔 측 ​​어느 쪽의 실수인지 모릅니다.…",부정
254,ART HOTEL Kokura New Tagawa,호텔,2,부정,0.981985271,"일단, 넓고 깨끗할 것 같다고 생각하지만 방은 좁고 커튼이 찢어지는 건 유감. 공기 청정기도 그다지 의미가 없고, 소리도 시끄럽다.…",부정
255,호텔 마이스테이스 후쿠오카 텐진,호텔,3,부정,0.526690125,기차역과 가까워서 좋지만 걸어가기에는 다소 거리가 있습니다. 이른 아침에 이동할 경우 역까지 엘리베이터나 에스컬레이터를 찾기가 어려울 수 있습니다. 저희는 찾지 못했습니다. 기본적인 편의시설만 갖춘 기본적인 호텔입니다.,
256,Mercure Fukuoka Munakata Resort & Spa,호텔,3,긍정,0.667849064,10년 흔들림 방문. 방의 기미 꽤 대단해! 한국계가 많기 때문에 어쩔 수 없을까-. 물건이 나쁜 계가 많았다. 한국에서 최초의 해외여행에서 후쿠오카는 골라 싸기 때문에.,
257,호텔 마리노아 리조트 후쿠오카,호텔,2,긍정,0.777711868,"부, , 바오, , ∵",부정
258,Fukuoka Guesthouse SHIP,게스트하우스,5,부정,0.553316593,접수 쪽이 친절했습니다.,긍정
259,도큐스테이 하카타,호텔,5,부정,0.505907297,"11월 중순에 이용했습니다. 비행기의 도착 시간이 너무 빠르기 때문에, 너무 걷고, 조금 차가워 졌는지 배의 상태를 무너 뜨립니다. 너무 피곤해서 체크인 시간까지 체력이 없어…",긍정
260,베셀호텔 칸다 키타큐슈공항,호텔,1,긍정,0.814640701,역에서 멀리 여유로운 자세의 호텔입니다.,부정
261,APA Hotel Hakata Eki Chikushiguchi,호텔,4,긍정,0.603536308,같은 호텔이 있기 때문에 길을 잃었습니다.,긍정
262,Japanesque Hotel Fukuoka,호텔,1,부정,0.997335255,"아마 해외 쪽이 오너일 것입니다. 해외 방향에 에세 일본풍의 호텔입니다. 개인실은 또 괜찮을지도 모르지만, 이 입지와 내용으로 이 금액은 이상합니다.",부정
263,The Luigans Spa＆Resort,호텔,5,긍정,0.987086415,풍부한 전망 접객 모두 좋았다. 저녁은 관내의 일본 요리점에서 먹었습니다. 매우 맛있었습니다.,긍정
264,그랜드 머큐어 벳푸완 리조트 & 스파,료칸,4,부정,0.545688689,"방도 좋고, 전망도 좋고, 저녁 식사는? (투어이니까 어쩔 수 없어?), 아나운스가 나쁘고, 아침식사 바이킹에 늘어선 줄이 전혀 다른 장소에서, 손님들이 우왕좌왕하고 있었다. 그 때의 구분도 나쁘다. 출발시의 짐도 두는 장소를 모르고 혼란하고 있는 손님 다수(종업원씨의 손이 부족하지 않은 느낌) 단지 온천은 부드럽고 멋진 물이었습니다. 그래서 ☆ 4 개입니다.",긍정
265,나인아워스 하카타 스테이션,호텔,5,부정,0.857806563,"완전 셀프서비스 홈스테이로 숙소는 깨끗하고, 남녀가 별도의 캡슐에 숙박하며, 짐은 분리되어 객실로 가져오지 않습니다. 수건, 칫솔, 잠옷이 제공되며, 식수는 제공되지 않고, 캡슐 안에는 USB 전원 공급 장치와 조명만 있습니다.",긍정
266,후쿠오카 산팔레스 호텔 & 홀 (Fukuoka Sunpalace),호텔,5,긍정,0.706155956,"(｡ᵕᴗᵕ｡)""( ᐢ˙꒳˙ᐢ )⸜(* ॑꒳ ॑* )⸝(((ฅ•᎑•ฅ))♬♬",긍정
267,호텔 JAL 시티 후쿠오카 텐진,호텔,5,부정,0.638846815,"위치는 정말 훌륭했어요. 지하철역에서 불과 10미터, 쇼핑센터까지는 걸어서 10분 거리였거든요. 다만 객실 크기가 좀 아쉬웠어요. 저희는 세 명이었는데, 일본에서 묵었던 다른 호텔들과는 달리 객실이 너무 좁게 느껴졌어요.",긍정
268,APA Hotel Fukuoka Tenjin West,호텔,3,부정,0.652689517,좁은객실...한국분들은 고시원 생각하면 딱일듯 진짜 캐리어를 둘곳이 없어요 다른 접근성이나 친절도는 만족했어요 침구류도 푹신하고 좋습니다,
269,시즈테츠 호텔 프레지오 하카타에키마에,호텔,5,긍정,0.992341399,역에서도 가까이 편리. 화장실이있는 샤워 룸도 넓고 매우 좋았습니다.,긍정
270,힐튼 후쿠오카 씨호크,호텔,5,긍정,0.746495605,"공항에서 힐튼까지 왕복 버스가 있고 1층에 바로 내려요. 제일 빨리 출발하는 버스를 이용하니 700엔이었는데 1시간 넘게 걸렸어요. 공항으로 갈땐 더 오래 걸렸어요. ㅋㅋ 여기도 차가 엄청 막히고 도로가 좁아서 버스기사님이 대단해보였어요.ㅋㅋ 하타카, 텐진으로 나가려면 버스를 타고 30분이상 나가야해요. 그나마 1층에 바로 버스정류장이 있지만 올땐 호텔 건너편에서 내려야해요. 후쿠오카 타워를 걸어서 갈 수 있는 거리라 걸어서 다녀왔는데 바람이 많이 불고 추운 날이었지만 해변산책길을 따라 걸으니 나름 즐거웠습니다. 올라가진 않았어요. 힐튼에서도 충분히 전망을 느낄 수 있었거든요. 대욕장은 작지만 늦은시간에 가서 조용했고 피곤함이 약간 풀어지는 느낌이었어요. 물에서 락스 냄새 약간 났어요. ㅜㅜ 기저귀 찬 아가들은 들어가지 못해서 둘째는 들어가지 못했어요. 객실 욕탕에서 신나게 놀긴했지만 '왜 나는 목욕탕 못가?' 라고 계속 물어봤답니다.ㅜㅜ 위치가 불편하긴 했지만 대체적으로 만족스러웠습니다. 넓고, 전망좋고, 편의점도 있고, 드럭스토어도 있고, 조식도 그럭저럭 괜찮았어요.(카페라떼가 맛있었어요.) 그리고 근처에 Mark is가 오픈해서 쇼핑도 하고 식사도 할 수 있었어요. 아이들과 다니기에 괜찮았어요.",긍정
271,The358 UMI,호텔,5,부정,0.516647637,"R7.3월 사이트에서 잘 보인 이쪽이 세일로 싸기 때문에 이용. 새로운 호텔에서 기분 좋았습니다. 대욕장이 있는 곳을 호텔을 결정하는 조건으로 하는 경우가 많습니다만, 인바운드 수요로 온수도 하지 않고 쌉으로 들어가는 쪽이 계셔서, 왠지 기분 좋은 것이 아니었습니다. 주차장은 무료로 좋았습니다!",긍정
272,Hotel Vista Fukuoka Nakasu-Kawabata,호텔,5,긍정,0.992221773,하카다역이랑 가깝고 근처 캐널시티와 돈키호테가 있어 쇼핑하기 좋았어요 대욕장에서 여행의 피곤을 풀수있어 너무 행복했습니다,긍정
273,퀸테사 호텔 후쿠오카 텐진 코믹앤북스,호텔,5,긍정,0.992583156,"멋지다 방에 에어컨이없는 곳이 많지만, 여기는 각 방에 일반 에어컨이 붙어있다.…",긍정
274,그랜드 하얏트 후쿠오카,호텔,2,부정,0.997880101,"장소도 나카스에 가깝고 방은 넓다. 단, 설비는 옛 고급 호텔이라고 불리는 그랜드 하얏트 브랜드인데 물 주위 등 더럽다. 특히 최악의 것은 인터넷이 늦게 도중에 중단된다. 출장으로 가서 Zoom 미팅에는 전혀 사용할 수 없기 때문에, 반액 이하의 가까운 비지니스…",부정
275,니시테츠 그랜드 호텔,호텔,5,긍정,0.993341386,마지막날 하카타역까지 택시도 직접 불러주시고 아이폰이 갑자기 안되서 유심칩 뺏다껴야데는데 프론트에서 직접 빼주시기도 하고 ~~ 여러모로 거리도 짱 좋았어요 다음 텐진으로 가도 이곳에서 잘거 같아요,긍정
276,베셀호텔 후쿠오카 카이즈카,호텔,4,부정,0.619556069,어린아이와 함께 향해 방은 넓지만 욕조가 보통의 비즈니스 호텔 정도 작은 것이 유감,긍정
277,플라자호텔 프리미어,호텔,3,긍정,0.642641544,최상층의 뿔 방이었습니다.,
278,大岳荘,료칸,5,부정,0.653669119,요리도 분위기도 최고⤴️⤴️⤴️⤴️,긍정
279,언플랜 후쿠오카,호텔,2,부정,0.567221761,"11월 중순에 이용. 더블 침대의 방에 묵었지만, 에어컨이 부진한지 난방이 효과가 없어 유감이었다. (컨트롤러의 난방 마크가 점멸하고 난방이 작동하지 않는 상태) 역 앞 때문에 입지는 좋다.",부정
280,산라이프호텔 2.3,호텔,2,부정,0.606412292,위치 하나만 보고 가기 좋음. 옷 버릴거 각오하고 가야함. 담배 찌든내가 복도와 방 안에 남. 옷에 냄새 다 베김. 조식은 일식과 양식 중 선택인데 조식은 맛 좋았음.,부정
281,프리미어 호텔 모지코,호텔,1,긍정,0.937330544,객실에서 모지 항구의 아름다운 해변 풍경을 감상하실 수 있습니다.,부정
282,THE LANG HOTEL Hakata,호텔,5,긍정,0.990648687,좋은 호텔! 맨션의 한실의 감각!,긍정
283,그랜드 머큐어 벳푸완 리조트 & 스파,료칸,1,부정,0.993845403,"조식 뷔페의 맛, 품수 적음은 이미 오래된 비즈니스 호텔 아래에서?라고 생각되는 느낌입니다. 밤 바이킹은 처음 이용했습니다만… 벳푸의 유명한 모 호텔과 비교하는 것은 금액도 전혀 다르므로 심각하다고 생각합니다만… 기대하지 않는 편이…",부정
284,The BREAKFAST HOTEL 후쿠오카 나카스,호텔,1,부정,0.97219938,"7월에 숙박했습니다. 싸지만 리뷰가 좋았기 때문에 조금 기대해 갔습니다만, 결과적으로는, 향후 숙박할 것은 없습니다. 작은 아이 동반이라고 하는 일도 있어인지 모퉁이 방을 준비해 주셨던 것이나, 프런트의 대응, 24시간의 프리 드링크등은 매우 좋았습니다.…",부정
285,솔라리아 니시테츠 호텔 후쿠오카,호텔,5,긍정,0.994261026,위치 좋고 친절하고 깨끗하고 진짜 더 바랄게 없는 호텔! 다음에 후쿠오카 올때 또 방문 예정입니다!,긍정
286,Oniyama Hotel,료칸,3,긍정,0.666203141,"원천의 뜨거운 물이 그대로 목욕에 들어 있기 때문에 뜨거웠다. 저녁 식사의 아이의 점심이 너무 맛있지 않다. 했는지 남기는 아이가 몇 명 있었다. 호텔 사태는, 몇 년 전보다 깨끗해져 직원의 대응도 좋았기 때문에 🌟 3개",
287,Hotel AZ Fukuoka Wajiro,호텔,2,부정,0.538836777,가격대로의 비즈니스 호텔이었습니다.,부정
288,후쿠오카 산팔레스 호텔 & 홀 (Fukuoka Sunpalace),호텔,5,긍정,0.909842312,"9월 4일, 5일과 YUKI씨의 라이브에 가. 숙박하겠습니다. 직원의 접객도 방의 청소도 훌륭하게 느꼈습니다. 다음에 숙박시에는 야경을 즐기면서 식사를 하고 싶다고 생각합니다",긍정
289,도미 인 하카타기온,호텔,2,긍정,0.530385494,한국과 홍콩에는 관광객이 너무 많아서 아침 식사를 하거나 온천욕을 할 때 상당히 시끄럽고 정신없을 수 있습니다. 다음에 기온 근처에 머물게 된다면 예산을 조금 더 늘려서 다른 호텔에 묵을 의향이 있습니다.,부정
290,호텔 오리엔탈 익스프레스 후쿠오카 나카스카와바타,호텔,5,긍정,0.995420098,객실은 작지만 편안했습니다. 아침 식사도 정말 맛있었습니다. 선택의 폭이 넓어 하루를 활기차게 시작할 수 있었습니다.,긍정
291,힐탑리조트 후쿠오카,호텔,5,긍정,0.743252099,점심으로 이용했습니다! 환대는 유석이었다. 사진은 점심,긍정
292,그랜드 머큐어 벳푸완 리조트 & 스파,료칸,5,긍정,0.988348961,"2019년 8월 6일. 규슈 로드트립 둘째 날, 오이타현 벳푸에 도착했습니다. 인터넷에서 우연히 발견한 호텔인데, 실제로 보니 꽤 괜찮아 보였습니다.…",긍정
293,WITH THE STYLE FUKUOKA,호텔,5,긍정,0.984902918,나는 후쿠오카 여행으로 Cafe에서 사용했을 뿐입니다만 영업 시간 전에 가게에 가 버렸습니다 💦 통상의 가게라면 영업 시간은 ○○시부터입니다. 끝이지만 여기 가게는 음료 만이야만이 여전히 좋으면 가게에 넣어 주었습니다 💦😭💕 그런 가게 처음이자 모두가 감동했습니다 🥲🥲 그것인데도 도덕하고 오랫동안 체재 실례했습니다 🙇‍♀️💦 또 후쿠오카에 오는 기회가 있으면 숙박도 꼭 하고 싶었습니다 ✨,긍정
294,캐널시티 후쿠오카 워싱턴 호텔,호텔,2,부정,0.976192176,창문 바로 밖에 캐널시티 분수 쇼가 몇십분마다 있어서 엄청 시끄러움. 창문 닫아도 방음 안 됨. 지금 밤 9시 30분인데도 엄청난 음악과 함께 분수 쇼 하고 있음😫…,부정
295,머큐르 후쿠오카 무나카타 리조트 & 스파,호텔,2,긍정,0.739830494,지난주 이 호텔을 이용시켜 받았습니다. 한국인분만으로 일본에 있는 느낌이 없었어요...웃음 동전 세탁도 한국의 분들에게 점령되어 전혀 사용할 수 없었습니다.…,부정
296,그랜드 머큐어 벳푸완 리조트 & 스파,료칸,2,긍정,0.785915852,"저는 이 호텔에 이틀 동안 묵었습니다. 첫날 숙박은 아코르 공식 웹사이트를 통해 예약했고, 둘째 날 숙박은 공식 웹사이트가 만실이라 제3자 플랫폼을 통해 예약했습니다.…",부정
297,ANA 크라운 플라자 호텔 후쿠오카,호텔,5,부정,0.950895607,방은 조용하고 좋지만 베개가 너무 많아 항상 곤란해집니다. 안아 베개 외에 단단함이 다른 베개가 2개. 사용하지 않는 베개를 두는 곳이 있으면 좋지만 ...,긍정
298,코트 호텔 후쿠오카 텐진,호텔,2,긍정,0.944875777,객실 TV가 입구에 있습니다. 보기 힘들지만 그렇지 않으면 안심하고 천천히 휴식…,부정
299,Hotel AZ Fukuoka Wajiro,호텔,1,부정,0.993334532,아침 식사 시간에 대해 직원에 의해 안내가 흩어져. 단체 손님이 있기 때문에 혼잡하다고 말해지거나 특정 시간은 사용하지 말라고 한다. 사용하지 말라고 했을 때에는 예약시 듣지 않았다고 해도 사과는 커녕 반응도 없다. 종업원 수준은 최소인가. 설비는 보통. 유닛 버스가 좁을 정도라고.,부정
300,그랜드 머큐어 벳푸완 리조트 & 스파,료칸,4,긍정,0.736258984,"그랜드 머큐어 벳푸바 리조트에서 3박을 했습니다. 저녁 뷔페는 성인 1인당 7,500엔인데, 위치가 다소 외진 데다 식사를 하려면 차를 타거나 꽤 먼 거리를 걸어가야 한다는 점을 고려하면 이…",긍정
301,크로스라이프 하카타텐진,호텔,5,부정,0.959398687,왜인지 모르겟으나 벚꽃시즌도 아닌데 숙서가 겁나 비쌈.. 비싼데 숙소는 콩알만함 숙소안 샤워실은 공황장애 올 듯..ㅠ 대욕장 기대가 컷는데 목욕물에서 락스냄새가 나는데 도대체 왜인지 모르겟음. 지하철역에선 최소 7분-15분 걸림: 주변에 이자카야 편의점은 잇음 너무 비싼데 그 값은 못하는듯,긍정
302,Fukuoka Guesthouse CAMP,게스트하우스,5,부정,0.921257496,"시설은 깨끗하고 최고입니다. 1점, 상단의 침대의 상측이 비어 있어 주위에 소리가 통탈이 됩니다. 도미토리에 묵는 사람은 너무 신경 쓰지 않을지도 모릅니다만, 한밤중에 짐을 탐색할 때에 조금 신경을 썼습니다.",긍정
303,퀸텟사 호텔 후쿠오카 텐진미나미,호텔,2,부정,0.942878187,야쿠인역과 가깝고 가성비 좋은 호텔이라고 생각함. 다만 오픈한지 얼마되지 않은 호텔임에도 방상태가 좋지 않았다.. 이불에 사진과 같은 작은 자국이 여러 개 묻어있었고 시트는 찢어져 있었다. 지난 투숙객의 쓰레기도 발견했다.,부정
304,ANA 크라운 플라자 호텔 후쿠오카,호텔,2,긍정,0.878618181,I. 장점: 호텔이 지하철역과 매우 가까워 교통이 매우 편리합니다. II. 단점:…,부정
305,미야코 호텔 하카타,호텔,1,긍정,0.565730989,카운터 체크인 여자분 더럽게 불친절하네요 다른 직원분들은 친절합니다. 객실도 전반적으로 깨끗합니다,부정
306,호텔 리브맥스 후쿠오카 텐진,호텔,3,부정,0.698092163,예상은 했지만 너무 좁아서 걸어다니기가 힘들 정도였어요. 어른2 초등아이1 인데 캐리어 하나 옷걸이 하나에 겨우 펼치고 답답했습니다. 많이 노후되고 청결하지는 않은것 같았지만 급하게 겨우 구한 숙소라 3일 잘 묵고갑니다. 창문은 열리는데 방충망이 없어서 여름엔 못열겠더라고요 ㅎㅎ 역세권이 아닌게 아쉽지만 구한게 다행입니다!,
307,라이프텐진후쿠오카,호텔,1,긍정,0.686845303,"독특한 인테리어 디자인 좋아요 ! 방도 침대 아래 캐리어 넣을 수 있어서 좋았구오. 다만 분류에는 4성급이라고 되어있는데 전혀 4성급 아니고 게스트 하우스 느낌이라 아쉬웠습니다 ㅠ 그리고 슈혼, 슈 브러시, 슈 사이닝은 기본적으로 호텔에서는 갖춰야 한다고 생각하는데 프론트에 요청해도 없다고 하시네요",부정
308,The BREAKFAST HOTEL 후쿠오카 텐진,호텔,2,부정,0.555671096,"그 방은 아주 작았고 역에서 멀리 떨어져 있었으며, 주로 한국인 고객을 대상으로 했다.",부정
309,미야코 호텔 하카타,호텔,5,긍정,0.963879883,"하카타 역에서 지하로 연결되어 있기 때문에, 교통편이 매우 좋습니다.…",긍정
310,호텔 리브맥스 후쿠오카 텐진,호텔,2,부정,0.936210394,대개 말이 통하지 않아서 곤란하다,부정
311,하카타 그린호텔 1호관,호텔,1,부정,0.998015404,수하물 보관료가 개당 2000엔으로 너무 비싸요. 추천하지 않습니다.,부정
312,니시테츠 그랜드 호텔,호텔,5,긍정,0.995245636,위치좋고 서비스좋고 조식좋고 오래되었지만 전통이 느껴지는 호텔 입니다.,긍정
313,The Luigans Spa＆Resort,호텔,5,부정,0.704367101,"호텔은 후쿠오카 시내에서 조금 떨어져 있습니다. 지하철을 타고 JR선으로 환승하거나, 페리를 타거나, 하카타역 출구에서 호텔 무료 셔틀버스를 이용할 수 있습니다. 호텔 무료 셔틀버스를 이용할 경우, 한 시간에 한 번만 운행하고 소형 버스이기 때문에 자리가 없을 가능성이 높으므로 버스 시간표를 잘 확인해야 합니다. 따라서 개인 교통비를 준비하는 것이 좋습니다. 이번에는 텐진에서 호텔까지 택시를 탔는데 약 5,000엔이…",긍정
314,산라이프호텔 2.3,호텔,2,긍정,0.596416354,"목욕탕의 온도 조절이 어려워, 차가운지 뜨거운지‥그리고 너무 좁다 아침 식사는 맛있고 장소는 완벽합니다.",부정
315,더 베이직스 후쿠오카,호텔,2,긍정,0.547774971,"장점: 하카토역 근처. 깨끗하고 넓은 객실 | 단점: 텐진 지역에서 멀어 택시비가 발생합니다. 청소 옵션(수건 교체 또는 전체 청소)에 주의하세요. 특히 언어 문제로 항의하지 못하는 외국인의 경우, 전체 청소를 요청해도 수건만 교체해주는 경우가 많습니다.",부정
316,힐탑리조트 후쿠오카,호텔,2,긍정,0.98097527,"야외에서 뷔페 형식의 음료 무제한 뷔페에 갔다. 바람이 강하게 담요를 빌렸지만 젖었습니다. 젖은 것의 태연하게 가져옵니다, 기분이 좋지 않습니다. 고기는 연기를 내면서 구워지고 있습니다만 잡아 소스를 들고 옮겨 앉고 먹을 무렵에는 차갑습니다. 훌륭합니다.…",부정
317,Mercure Fukuoka Munakata Resort & Spa,호텔,2,긍정,0.919112086,◉ 좋은 점 ・요금이 싸다 ・노천탕이 있다…,부정
318,호텔 캐비너스 후쿠오카,호텔,5,긍정,0.979164243,장소가 편리하고 깨끗합니다.,긍정
319,나인아워스 하카타 스테이션,호텔,1,부정,0.983591259,가격은 보통 수준이고 시설도 별로 좋지 않으니 불편함을 감수할 수 있도록 정신적으로 준비를 하셔야 합니다.,부정
320,미야코 호텔 하카타,호텔,4,부정,0.585124969,설날 2일 숙박. 아시아계 외국인 많다. 거의 만실? 하카타역 직결. 비가 오더라도 괜찮습니다. 모든 객실에는 화장실이 있는 욕실. 물 주위 독립. 아침 식사가? 그래서 별 3,긍정
321,더 베이직스 후쿠오카,호텔,5,긍정,0.946660936,후쿠오카 첫 혼자 여행 멋진 호텔에서 3박을 묵었어요.…,긍정
322,리치몬드 호텔 텐진 니시도리,호텔,5,부정,0.986040771,솔찍히 담배냄새가 너무 심각했음 논스모킹해도 흡연방으로 예약되니 비흡연자는 안가는게 좋습니다. 냄새가 너무 심해서 머리가 너무 아파요. 직원은 진짜 친절한데 룸은 별루임 위치는 정말 좋음,긍정
323,코트 호텔 후쿠오카 텐진,호텔,5,긍정,0.90984726,"친절,위치,위생 쵝오",긍정
324,The BREAKFAST HOTEL 후쿠오카 텐진,호텔,2,부정,0.972599983,"리셉션 직원은 부드럽습니다. 하지만 아침 레스토랑의 스탭이 분노하고 있는 것 같습니다, 빠듯한 레스토랑을 닫는 시간이라고 생각합니다만. smoothie 마시고 싶어서 만들어 주었지만 컵 중에 남은 파인애플의 주스 같은 남은 것 마음대로 넣어 만들어 주었습니다, 컵에 가득 넣었습니다 전부 남은 주스 넣었습니다. 심지어 맛있지 않아, 신맛. . 무엇으로 남은 주스 같은 녀석 컵에 넣는다. 요구르트라든지 있다고 생각합니다, 아무것도…",부정
325,호텔 하나게시키,료칸,5,긍정,0.989103794,온천질 좋은 가족탕을 이용하실 수 있습니다.,긍정
326,힐튼 후쿠오카 씨호크,호텔,5,긍정,0.727880299,"연수회의 회장으로서 이용했습니다. 묵지 않기 때문에, 객실에 대해서는, 좋다고 나쁘다고도 말할 수 없습니다. 건물 내부는 깨끗하고 고급 스러움이 있습니다. 연수회의 설비로서도, 대형 스크린 설비나, 참가자에게의 식사등의 서비스가 갖추어져 있다고 하는 인상이었습니다.…",긍정
327,더 베이직스 후쿠오카,호텔,5,부정,0.838524997,"모든 것이 괜찮았고 호텔은 새 건물이었어요. 주차 요금은 다음 날 정오까지 1박에 1500엔입니다. 헬스장은 실망스러웠어요. 헬스장을 설계한 사람은 웨이트 트레이닝을 전혀 안 하는 것 같아요. 덤벨 세트와 벤치를 놓으면 될 텐데, 벤치 프레스, 풀다운, 레그 프레스 머신밖에 없더라고요. 헬스장 공간은 넓지만 시설은 아쉬웠어요.",긍정
328,하카타 그린호텔 1호관,호텔,1,부정,0.998918056,"하카타역과 매우가깝지만 직원들태도 및 호텔객실 청결매우 별로입니다 한번닦았지만 계속나오는 먼지,.들어가시면 테이블도 한번 닦으세요 먼지알러지 올라왔어요. . 이정도면 가격좀 더주고 다른호텔 가는게 나을것같습니다 한국인들많이와서 그런가 . ..싶을정도였어요 일본호텔중에 이정도로 먼지많은건 처음이에요ㅜㅜ",부정
329,후쿠오카 토에이 호텔,호텔,4,긍정,0.589752853,아래층에 있던 패밀리마트가 이전했습니다.,긍정
330,도미 인 하카타기온,호텔,3,부정,0.684897542,소위 표준 스타일의 도미. 온천은 충실하다.,
331,Hotel Vista Fukuoka Nakasu-Kawabata,호텔,2,긍정,0.926487207,고객이 많기 때문에 15시 반이 지났습니다. 통로에는 많은 청소 도구가 있었다. 엘리베이터를 타고 가면 청소 스태프가 말을 하면서 타고 왔다.…,부정
332,플라자호텔 프리미어,호텔,1,부정,0.998511255,"진짜더러움 1박에 10만원넘짓인데 진짜 밑에 리뷰처럼 요즘 동네 모텔이 훨 좋을듯 레알 바닥 넘 더럽고 화장실에서 쉰내나고 침대옆 벽에서 벌레나옴 카운터 직원도 외국인인데 일본어 잘 못하고 나도 못하니 대환장 파티, 뭐 그건 그렇다 치고 위생상태만 괜찮으면 되는데 넘 더러움",부정
333,컴포트인 후쿠오카 텐진,호텔,5,긍정,0.620349765,"9 · 10 월은 메일 매거진 등록자 만 12AM → 12AM의 24 시간 객실 체류 가능합니다. 텐진 주소로, 지하철 「텐진 미나미」역 5번 출구 도보 1분입니다. 10층 100실정도입니다만, 트윈・더블의 방 면적은 같고, 싱글 없습니다. 1층은 「코메다 커피」(호텔에서 입점)로 호텔 조식이 있습니다.…",긍정
334,더 베이직스 후쿠오카,호텔,2,부정,0.990113616,"생일에 이용했습니다. 접수는 호텔의 얼굴로는? 놀랄만큼 애상이 없고 방에 있던 스마트폰? 의 설명도 특히 없음. 지금까지 머물렀던 어느 호텔보다 이마이치의 접수였습니다. 비즈니스 호텔 접수 견습하십시오. 좋은 것은 로비의 외형만,이라고 말해져 버립니다.",부정
335,호텔 닛코 후쿠오카,호텔,5,긍정,0.973508954,트리플의 방은 매우 보내기 쉬웠습니다 🎵 스탭 친절하고 모닝 바이킹 맛있었습니다.…,긍정
336,더 라이블리 후쿠오카 하카타,호텔,2,부정,0.979549944,"위치는 좋고 객실도 리모델링되어 있었습니다. 하지만 객실이 너무 작고 깨끗하지 않았습니다. 먼지가 가득해서 알레르기 증상이 심했습니다. 욕실도 작고 어두웠습니다. 서비스는 매우 기계적이었고, 체크아웃 시간보다 1분만 늦어도 1박 요금을 추가로 청구했습니다. 유일하게 좋았던 점은 호텔에서 제공하는 1시간 무료 맥주 뷔페였습니다. 덕분에 투숙객으로서의 스트레스를 풀 수 있었습니다.",부정
337,그랜드 하얏트 후쿠오카,호텔,1,부정,0.998839676,5성급 호텔에 조식 기다려야 하다니. 직원들 영어도 못함. 얼마나 기다려야하냐고 물어보니 못 알아들음. 대기하는데도 한국인은 커피 조차 주지 않음. 20분 이상 기다린 조식은 더 최악임,부정
338,ANA 크라운 플라자 호텔 후쿠오카,호텔,1,부정,0.998838961,"서비스가 정말 형편없었습니다. 프런트 데스크에 물을 달라고 요청했는데도 주지 않았고, 본사에 항의 편지를 썼더니 그냥 제 방 문에 걸어놓기만 했습니다. 구마모토와 나가사키 지점에서는 물을 제공하는데, 후쿠오카 지점 직원들은 제대로 된 교육을 받지 못한 것 같았습니다. 앞으로 IHG 호텔에는 절대 묵지 않을 겁니다. 제가 묵어본 IHG 호텔 중 최악이었습니다.",부정
339,Alba Hotel&Glamping,호텔,5,부정,0.613225758,너무 한적한 곳에.. 주변에 편의점이 없습니다. 마트 들러가시면 최고,긍정
340,ANA 크라운 플라자 호텔 후쿠오카,호텔,2,부정,0.965078712,"체크아웃의 정산시에, 나름대로의 시간은 경과하고 있었음에도 불구하고 아침 식사의 전표가 프런트까지 회송되어 있지 않았다. 우리 쪽에서 지적해 청산을 끝냈지만, 별로 황폐한 바람에는 받지 못했다. .",부정
341,서튼호텔 하카타시티,호텔,2,부정,0.995915711,와이파이가 잘 안되요 중앙냉난방시스템이라 온도조절이 안되요 열쇠키로 하나만 줘서 불편합니다 층간소음 심하고 방과 화장실에 냄새가 나요 공항버스가 안다닙니다,부정
342,Hotel AZ Fukuoka Wajiro,호텔,4,긍정,0.649642348,"인접한 음식점이 많기 때문에 일로 숙박할 때 편리합니다. 호텔 측 프런트에서는 열쇠를 가지고 있어 안 된다고 말하는데, 호텔내의 포스터는, 주위의 음식점에서 열쇠를 보이면 우대와 있습니다. Chiguhagu에서 모순됩니다. 같은 경영 같기 때문에, 제대로 대응이나 안내를 해 주었으면 좋겠네요.",긍정
343,다이마루 벳소,료칸,5,부정,0.515230179,격식있는 여관입니다.,긍정
344,나인아워스 나카스카와바타 스테이션,호텔,1,부정,0.934233546,캡슐에 들어가면 이전 사람의 페트병의 쓰레기가 그대로. 사물함도 차례로 챙겨 안내하기 때문에 옆 사람과 쓰고 꽤 갈아입기 어려웠다. 더 이상 두 번 사용하지 않습니다.,부정
345,리치몬드호텔 후쿠오카 텐진,호텔,5,긍정,0.992548704,"카운터에서 친절한 서비스를 받았습니다. 일본에서 일하는 대만인을 우연히 만났습니다. 위치도 좋고, 객실도 넓고, 아침 식사도 맛있었습니다.",긍정
346,후쿠오카 토에이 호텔,호텔,2,긍정,0.987409234,아주 기본적인 디자인이지만 편안합니다.,부정
347,APA Hotel ＆ Resort Hakata-Ekihigashi,호텔,3,부정,0.680380046,"호텔은 하카타역 근처에 있습니다. 호텔이 너무 좁은 공간에 crammed되어 있어서 모든 공간이 매우 협소합니다. 저희는 APA 니가타에 있다가 왔는데, 그곳은 훨씬 넓고 좋았습니다. 여기 남자 목욕탕 안에 세탁기가 두 대밖에 없어요! 호텔 아트리움이 바깥 날씨에 그대로 노출되어 있어서 복도와 엘리베이터가 너무 덥고 습했습니다. 남자 목욕탕에는 락커가 16개밖에 없는데, TV 화면에는 목욕탕이 꽉 찼을 때도 1/3밖에 차 있지 않은 것처럼 나옵니다. 이번 방문으로 APA에 대한 제 생각이 완전히 바뀌었습니다.",
348,Japanesque Hotel Fukuoka,호텔,2,부정,0.997604609,"가격 대비 너무 형편없었어요. 위치가 최악이었어요. 시내 중심가에서 멀리 떨어져 있고, 항상 차량 통행이 많은 큰 도로 옆에 있어서 방음이 안 됐어요. 밤새도록 차 소리와 비행기 소리가 다 들렸어요. 수영장은 너무 작고 더러웠어요. 스파는 일본식 스파처럼 남녀가 분리되어 있지 않아서 수영복을 가져가야 했어요. 물론 저희는 수영복을 안 가져갔죠. 일본인이어서 이런 건 전혀 예상 못 했어요. 온라인 광고에는 노래방이 있다고 되어 있었는데 문이 닫혀 있었어요. 이 호텔을 고른 이유 중 하나였는데 정말 실망스러웠어요. 객실은 깨끗했지만 디자인이 정말 별로였어요. 이케아 컵에 싸구려 벽지까지. 호텔 전체가 다 그랬어요. 지불한 가격을 생각하면 정말 형편없는 호텔이었어요.",부정
349,힐튼 후쿠오카 씨호크,호텔,2,부정,0.914543569,시설은 좋았습니다. 호텔앞 버스타면 텐진까지 20분정도면 나갈수있어 위치도 나쁘지않구요. 다만 기대한 조식은 가짓수도 맛도 실망했습니다.,부정
350,캐널시티 후쿠오카 워싱턴 호텔,호텔,5,긍정,0.992983222,정말 멋진 호텔이에요. 특히 쇼핑을 좋아하는 사람이라면 더할 나위 없이 좋을 거예요 :),긍정
351,호텔 홋케클럽 하카타,호텔,4,긍정,0.729177356,무려 그냥 스모의 규슈 장소에서 가장 가까운 신사의 땅에 역사가 연습하고있었습니다. 깜짝,긍정
352,캐널시티 후쿠오카 워싱턴 호텔,호텔,3,부정,0.704251826,싱글룸은 생각보다 좁았다... 방의 티슈 위에는 희미하게 먼지가.…,
353,Hotel Cultia Dazaifu,호텔,2,부정,0.985449135,"여기에서의 평가가 높기 때문에, 깜짝 투고입니다. 작년 10월에 이용했을 때에, 몇점인가 조도품등의 지적을 했습니다. 도중부터 색이 다른 늘어진 천장 배선, 싸구려로 그라그라 흔들리는 탁구대, 홈 센터 이하의 제대로 된 수건걸이, 등등. 3월에 재방문했지만, 전혀 개선되지 않았습니다. 외관만의 복고풍 호텔의 영역을 나오지 않았다. 비일상을 즐기기 이전 레벨의 낮음을 느꼈습니다. 다자이후에 느긋하게 할 수 있는 호텔이 생겼다고 기뻤습니다만, 후쿠오카 시내에 묵고 당일치기로 즐기는 장소군요, 다자이후.",부정
354,캐널시티 후쿠오카 워싱턴 호텔,호텔,2,부정,0.73209399,싸기 때문에 비즈니스 호텔이라고 생각하면 좋지만 캐널 소리가 시끄 럽다.…,부정
355,크로스라이프 하카타 야나기바시,호텔,1,부정,0.645237148,프런트 직원은 친절했고 체크인 당시 분위기도 좋았습니다. 객실은 새것처럼 보였고 욕실도 밝고 깨끗했습니다. 하지만 샤워기에는 문제가 있었습니다. 온수/냉수 표시등이 마모되어 자꾸만 뜨거운 물이 나왔습니다.…,부정
356,ANA 크라운 플라자 호텔 후쿠오카,호텔,1,부정,0.991471469,특징없는 호텔. 대욕장 없음. 방도 넓지 않다. 도미인이 더 좋다.,부정
357,후쿠오카 토에이 호텔,호텔,5,긍정,0.989271402,"건물은 오래된 건물과 새 건물, 이렇게 두 동으로 되어 있습니다. 리셉션은 새 건물에 있습니다. 오래된 건물은 꽤 오래되었지만 객실이 넓고 가격 대비 성능이 비교적 좋습니다. 근처에 쇼핑몰이 많고, 톈선 쇼핑 지구까지는 걸어서 15분 정도 걸립니다.",긍정
358,더 원파이브 후쿠오카 텐진,호텔,1,부정,0.9978109,"금연실인데 담배 냄새 때문에 두통으로 최악. 자란으로 예약했는데 너무 거짓. 정말 건강 피해를 받습니다. 전에는 일본인의 스탭만으로 환경도 좋았는데, 더 이상 여기는 가지 않습니다.",부정
359,グームホテル中洲,게스트하우스,5,부정,0.580702722,위치 하나만 보고 예약했는데 시설 자체는 좀 오래된 듯 합니다. 엘리베이터가 고장나서 한시간 정도 갇힌 일도 있었습니다. 근데 전액 환불 받아서 최종 만족도는 오히려 높은편. 주차는 불가하니 차량을 가져왔다면 근처 유료주차장을 이용하는 수밖에...,긍정
360,후쿠오카 토에이 호텔,호텔,3,긍정,0.555949032,밤새 에어컨이나 제습기를 돌리고 있어요 :( 여기서는 정상일 수도 있지만 잠이 안 와요,
361,Oniyama Hotel,료칸,1,부정,0.98917377,"리뷰에도 몇가지 쓰여져 있습니다만, 반사 이용자의 호텔인 것 같습니다. 노천탕에 가면 문신이있었습니다. 자신은 옛날부터 목욕탕 등에서 보거나 말한 적도 있기 때문에 별로 느끼지 않지만, 동료는 무서워져 다시 목욕에 다가가지 않았습니다. 식사는 생선회나 화분 등은 신선하고 맛도 좋았습니다만, 메인이 되는 고기 요리와 찜 요리는 최저 최악으로, 수학 여행의 초등학생에서도 먹을 수 없을 정도로 심했습니다. 요리라기보다 먹이에 가까운 느낌으로 매우 조리했다고는 생각되지 않는 완성이었습니다. 반면, 청소는 매우 세심하고 있어 지금까지의 어느 여관보다 예쁘고, 목욕 등도 쓰레기나 머리카락등도 보이지 않았습니다. 외관은 낡은 것입니다만, 내장과 청소・스탭은 매우 잘 느꼈습니다. 그냥 식사! 이것은 편의점에서 구입하는 것이 더 나은 수준 일 수 있습니다. 저녁 식사는 기껏해야 800 엔 정도의 레벨입니까? 돌아올 때도 스탭 분들이 매우 정중한 배송을 해 주셨습니다만, 다시 오지는 않을 것입니다. 고마워요. 다음 번은 스기노이 호텔 일택이지요.",부정
362,호텔 홋케클럽 하카타,호텔,5,긍정,0.995705187,"트윈룸 둘이 넓게 사용했다. 기대를 크게 하지 않았는데 대중탕, 조식, 위생, 직원의 응대방식 모두 완벽했다! 특히 조식이 저렴한 가격인데도 무~척 맛있다. 일반 호텔조식도 일으나 일본식 음식들이 많았다. 후쿠오카에 방문한다면 꼭 추천해주고픈 호텔이다. 직원들 정말 친절하다.",긍정
363,EN 호텔 하카타,호텔,2,부정,0.954319775,"체크인 시간보다 일찍 도착하면, 아무 설명도 없이 번호표를 건네받아 “짐은 하나입니까?”라고 물었다. 빨리 체크인할 수 없다면 짐만 맡길까, 번호표는 무엇인지 설명은 해야 한다고 생각한다. 또 싱글 룸에 묵으면, 샤워 부스에서 하수의 냄새가 나서 어쨌든 냄새. 환기 팬을 돌려도 냄새. 게다가 부스 안에 작은 가마가 2마리였다. 체크인 담당 분의 느낌은 좋았고, 그 외에 관해서는 문제 없었기 때문에 매우 유감.",부정
364,언플랜 후쿠오카,호텔,5,긍정,0.959795713,"직원 모두친절해요. 위치 미쳣음 버스,지하철 아주굿! 이런숙소마니생겻음조켓댱💛",긍정
365,Golden Guest House Hakata,게스트하우스,1,부정,0.994226933,남녀 겸용 사촌 호텔 예정하고 있었지만 남성은 예약할 수 없는 환불도 할 수 없다고 해서 다른 호텔 찾았다. 사이트 예약도 연령과 성별을 기입할 곳이 없었다,부정
366,플라자호텔 프리미어,호텔,2,부정,0.998181462,여러 번 머물고 있다고해도 기계가 너무 빡빡한 것을 다시 사용하고 싶지 않습니다.,부정
367,더 로얄 파크 호텔 후쿠오카 (The Royal Park Hotel Fukuoka),호텔,5,긍정,0.993572116,"아주 좋은 호텔이었어요. 무슨 이유인지 여행 웹사이트에서 제 첫 예약이 취소됐는데, 호텔 측에서는 취소하지 않았다고 하더라고요. 호텔 직원분들이 친절하게 도와주셔서 문제 해결에 큰 도움이 됐습니다. 샤워 시설도 좋고 침대도 편안했어요! 다음에 또 숙박하고 싶어요!",긍정
368,The Luigans Spa＆Resort,호텔,2,부정,0.992393136,"아고다를 통해 선결제하지 않았더라면 도착하자마자 예약을 취소했을 겁니다. 객실과 복도는 곰팡이 냄새가 심했고, 모든 창문이 열쇠로 잠겨 있어 환기가 전혀 되지 않았습니다. 호텔 자체도 매우 낡고 리모델링이 시급해 보였습니다. 음식은 가격에 비해 질이 떨어졌는데, 아마도 주변에 식당이 거의 없어서 그런 것 같습니다. 이상하게도 수영장은 7월 중순까지 폐쇄되었지만, 다행히도 구명요원들이 매일 수영장을 청소하고 안전 훈련을 하고…",부정
369,EN 호텔 하카타,호텔,3,긍정,0.608959377,목욕이 좁았다. 아침 식사는 맛있었습니다.,
370,스마일 호텔 후쿠오카 오카와,호텔,5,부정,0.646456838,호텔은 좋았지 만 주변에는별로 가게가 없었습니다.,긍정
371,니시테츠 그랜드 호텔,호텔,5,부정,0.746318698,"완벽한 위치, 훌륭한 서비스, 그리고 비교적 편안한 객실을 갖춘 훌륭한 호텔입니다. 단점은 겨울에만 난방이 된다는 점입니다 (너무 더워서 결국 에어컨을 끄고 프런트 데스크에서 선풍기를 빌렸습니다). 조식은 평범하고 맛도 없습니다. 게다가 인형뽑기 기계에서 받은 상품이 호텔 침대에서 사라졌습니다... 호텔에서 아무리 찾아봐도 찾을 수 없었고, 어떻게 이런 일이 일어났는지 아직도 이해가 안 됩니다.",긍정
372,프리미어 호텔 모지코,호텔,5,긍정,0.993417978,이번 첫 숙박에서 이쪽의 실수를 최선을 다해 해결해 주셔서 감사 밖에 없습니다! 저녁 식사의 뷔페 아침 식사 모두 훌륭한 내용이었습니다. 스탭의 접객도 훌륭하게 이 호텔은 최고였습니다.,긍정
373,구루메 워싱턴 호텔 프라자,호텔,5,부정,0.531756639,모닝이 무제한으로 원룸 맨션풍이었습니다(*^^*)/,긍정
374,더 로얄 파크 호텔 후쿠오카 (The Royal Park Hotel Fukuoka),호텔,5,긍정,0.635999858,객실은 새롭고 편안합니다. 일본 호텔 특유의 작은 규모입니다.,긍정
375,호텔 텐진 플레이스,호텔,3,부정,0.596393943,"아침 식사의 종류가 적지만, 무료일까요?",
376,나인아워스 하카타 스테이션,호텔,3,부정,0.719084501,"다른 분들이 말씀하신 것처럼 키오스크 기계 사용이 불편했고, 긴 여행 후에는 정말 최악이었죠. 하지만 숙소는 깨끗하고 아늑해서 편안하게 잠을 자고 샤워도 잘 할 수 있어서 좋았습니다. 하지만 가장 큰 단점은 오전 10시부터 오후 2시까지 청소 시간 동안에는 들어갈 수 없고, 그 시간에는 늦잠을 잘 수도 없다는 점입니다. 즉, 늦게까지 밖에 있다가 늦게 도착하면 늦잠을 잘 수 없고, 그 시간 동안에는 사물함에 있는 물건을 꺼낼 수도 없다는 뜻입니다. 이 숙소는 출퇴근하는 직장인이나 하룻밤만 묵는 사람들에게 적합할 것 같습니다.",
377,The Luigans Spa＆Resort,호텔,5,긍정,0.99407959,"아침 식사가 매우 맛있고, 일품 일품이 제대로 좋은 것을 제공되고 있었다. 서비스맨의 질도 좋고, 가격 이상의 서비스였습니다. 객실도 좋고, 어메니티도 훌륭하다. 나를 위해 더 이상 호텔은 필요없이 느꼈다.",긍정
378,나인아워스 나카스카와바타 스테이션,호텔,3,부정,0.648955047,"전체적인 감상은 금액적으로는 타당. 토지 무늬 하카타 있습니다만, 프런트의 여성이 핫! 같은 깜짝 놀라서 미소도 없이 무서웠다. 그렇지만 외국인 남성의 스탭과는 만년의 웃음으로 게다가 공유 스페이스의 배후가 프런트에서 좁고 차분하지 않다. 다른 공용 공간을 원한다고 말한 곳. 이 호텔은 평판을 듣고 마치 블랙 이미지도 부인할 수 없다. 겨울에 숙박했을 때, 2층의 난간으로 내리거나 오르거나 할 때 정전기가 벌어져 억정이었습니다. 너무 건조해 있을까!?",
379,아미스타드호텔 후쿠오카,호텔,5,긍정,0.995334446,요리를 좋아하는 홍콩 사람들은 정말 편안하고 다시 올 거예요. 삶을 즐기고 슬로우 라이프를 즐겨보세요❤️,긍정
380,도미 인 하카타기온,호텔,2,긍정,0.795499563,방이 좁고 프런트의 분 설명 너무 간단해 여기저기에 붙여 있는 포스터 보고 판단해 주세요는 것일까요? 실수로 프리미어에게 처음 갔지만 저희는 매우 느낌이 좋았습니다. 더 이상 여기에 머무르지 않습니다.,부정
381,호텔 JAL 시티 후쿠오카 텐진,호텔,3,부정,0.51450026,"저희 가족은 지난 2~3년 동안 이 호텔에 묵어왔습니다. 보통 가족 4명이 2~5박씩, 한 번에 방 두 개를 예약해서 묵었습니다. 따라서 이번 리뷰는 일회성 후기가 아닙니다. 호텔은 청결도와 편의시설 면에서 훌륭하다고 생각합니다. 하지만 프런트 데스크 서비스는 누구에게 문의하느냐에 따라 다릅니다. 몇몇 남성 직원들은 전혀 도움이 되지 않았고, 심지어 거만하거나 남성 우월주의적인 태도를 보였습니다. 예를 들어, 아내가 호텔 레스토랑 예약을 도와달라고 했을 때, 직접 하라는 답변을 들었습니다. 아내가 일본인이라 의사소통에 문제가 있었던 것도 아니었습니다. 그런데 놀랍게도 여성 직원에게 도움을 요청하자, 그녀는 흔쾌히 예약을 도와주었습니다. 대체로 몇몇 젊은 남성 직원들과 대부분의 여성 직원들은 적극적으로 손님들을 응대하고 최선을 다해 서비스를 제공하려고 노력했습니다. 저희는 이 호텔을 정말 좋아하지만, 몇몇 불친절한 직원 때문에 좋은 경험이 망쳐지는 것 같아 이렇게 글을 남깁니다. 감사합니다!🙏",
382,후쿠오카 산팔레스 호텔 & 홀 (Fukuoka Sunpalace),호텔,4,긍정,0.741819024,"콘서트를 보러 왔는데, 아쉽게도 공연장이 크지 않아서 티켓을 구하기가 어려웠어요.",긍정
383,그랜드 하얏트 후쿠오카,호텔,2,부정,0.967984319,마켓 에프 접객이 별로 좋지 않다. 금발이라도 좋지만 접객이 좋지 않다고 눈에 띄는…,부정
384,퀸테사 호텔 후쿠오카 텐진 코믹앤북스,호텔,5,부정,0.613586843,"뭐 그냥 무난무난하게 깔끔한 수준, 다른 일본 호텔은 안가봐서 원래 좁은지는 모르겠지만 뭐 담배냄새나 한국 모텔들이 이불빨래할때 들이붙는 락스냄새는 안남!",긍정
385,The Luigans Spa＆Resort,호텔,1,긍정,0.958823979,"거식과 피로연에 참석. 접수에서 식장까지의 안내도 적당하고, 헤매고 있다고 걸린 스탭이 겨우 말을 걸어 주었습니다.…",부정
386,니시테츠 그랜드 호텔,호텔,1,부정,0.996282637,"호텔 위치는 좋지만 시설이 낡아 보입니다. ||직원들이 너무 냉담해서 실망스러웠습니다. 서비스는 호텔의 가장 큰 장점일 텐데 말이죠. ||객실 크기는 괜찮지만, 불필요하게 부피가 큰 가구들이 너무 많아 공간이 답답해 보입니다. 재정비가 필요해 보입니다.",부정
387,호텔 몬테 에르마나 후쿠오카,호텔,2,긍정,0.824243724,"객실은 세미 더블 이상은 객실 공간에 여유가 있고 짐도 펼쳐져 편안합니다. 욕실은 최근의 호텔로는 조금 좁다. 샤워 수압은 강하고 좋았습니다. 유감이었던 것은 메일로 문의를 했지만, 숙박 시작되는 2주일 정도 메일의 회신이 없었던 것. 보지 못한 것일까. 전화 문의를 추천합니다. 베개는…",부정
388,호텔 캐비너스 후쿠오카,호텔,5,부정,0.681498289,입지가 너무 강하다. 사우나 매너의 좋은 손님이 많기 때문에 편안함,긍정
389,퀸텟사 호텔 후쿠오카 텐진미나미,호텔,1,부정,0.956246376,"여성, 전선 노출된 헤어드라이어 사용 중 두 번 감전돼",부정
390,니시테츠 인 후쿠오카,호텔,3,부정,0.58877331,건물 복도가 좀 지저분해요. 방 벽에 페인트칠이 필요해요. 위치는 좋아요.,
391,더 밀레니얼스 후쿠오카,호텔,5,부정,0.940481603,"차세대 캡슐 호텔 호화로운 입구에 바, 라운지 등 공유 부도 충실.…",긍정
392,하카타 그린호텔 1호관,호텔,5,긍정,0.991087615,"이 호텔은 최근에 리노베이션을 마쳤으며, 객실은 깨끗하고 쾌적하며, 하카타 기차역에서 도보 5분 거리에 있습니다. 호텔의 상태와 위치를 고려하면 가격 대비 매우 만족스럽습니다.",긍정
393,더 원파이브 테라스 후쿠오카,호텔,4,부정,0.619743049,괜찮아요. 하지만 베개가 편하지 않아요,긍정
394,크로스라이프 하카타 야나기바시,호텔,1,긍정,0.762585819,목욕탕이있는 방에 묵으려고하면 가족 전용으로 혼자 샤워 룸만 대응하고 있다고 직원이 말한 근처의 아파 호텔이라면 혼자서도 목욕이있는 방에 묵을 수 있으므로 아파 호텔을 추천합니다,부정
395,도미 인 하카타기온,호텔,4,부정,0.686467588,"심야에서도 넣는 온천이나 밤 소리 소바 11시까지의 체크아웃이라든지, 지나치게 다할 것입니다.",긍정
396,서튼호텔 하카타시티,호텔,1,부정,0.997372627,매우 좁으며 침구 상태가 많이 안 좋다.,부정
397,WITH THE STYLE FUKUOKA,호텔,1,긍정,0.909441948,8/11 코튼에서 노로 바이러스에 의한 집단 식중독이 발생. 결혼식의 날에 너무 아쉽다!,부정
398,도미 인 프리미엄 하카타 캐널시티 마에,호텔,5,긍정,0.994911969,여기 정말 최고였어요. 욕실 인테리어가 너무 예뻤어요,긍정
399,EN 호텔 하카타,호텔,2,긍정,0.773291111,"1 박의 가격도 싸고, 방도 목욕도 깨끗하고 어메니티도 갖추어져 있었기 때문에 좋았습니다만, 자 때 복도의 소리나 다른 방의 목소리가 꽤 들리므로, 신경이 쓰이는 분은 그만두는 것이 좋을까 생각합니다... 신경이 쓰면 잠을 잘 수 없습니다...",부정
400,퀸테사 호텔 고쿠라 코믹 앤 북,호텔,1,부정,0.992362618,"Wi-Fi가 비정상적인 느림. 동영상은 제대로 볼 수 없습니다. 카레 뷔페도 토핑이 상당히 줄어들고 있습니다. 야채는 냉동 브로콜리, 옥수수, 그릴 야채, 감자만이었다. 사진을 보면 낫토나 튀김 등 여러가지 있었던 것 같기 때문에 매우, 유감입니다.",부정
401,캐널시티 후쿠오카 워싱턴 호텔,호텔,3,부정,0.716379881,"위치는 좋은데 방이 너무 작아요, 싱글룸을 더블룸으로 팔고, 옷장도 없고, 생수 자판기도 셀프로 구매해야 해요!",
402,그랜드 머큐어 벳푸완 리조트 & 스파,료칸,1,긍정,0.768739343,아이 많다 → 사람 많다 엘리베이터 3기밖에 없는 10층에 도착할 때까지 10분 정도 걸렸습니다,부정
403,&HOTEL HAKATA,호텔,5,긍정,0.983484447,"혼자 4박5일 연달아 지냈고 만족합니다 흡연실이 따로 없으니 흡연객실로 선택하세요 담배는 2-3분 거리에 신사에 흡연할 수 있는데 밤에는 그냥 밖에서 폈습니다 조식은 토스트 2개에 풀때기, 작은 소세지랑 마실거 입맛에 딱이였고 대체로 모든게 만족",긍정
404,The BREAKFAST HOTEL 후쿠오카 텐진,호텔,5,긍정,0.987639368,"깨끗하고 서비스도 좋은 호텔입니다. 무료 음료를 제공하는 바가 있어서 여행 후 휴식을 취하기에 좋습니다. (다만 커피, 오렌지 주스, 물만 제공됩니다.) 저희가 너무 일찍 도착했는데도 직원분들이 로비에 짐을 둘 수 있도록 배려해 주셨습니다.…",긍정
405,EN 호텔 하카타,호텔,2,긍정,0.983295023,"장소는 하카타 역, 캐널에 가깝고 꽤 편리했습니다. 새해 전날이었기 때문에, 연월 컵 곁을 받았다. 구입하려고 했기 때문에 기뻤습니다.…",부정
406,라이프텐진후쿠오카,호텔,5,긍정,0.993561506,"정말 많은 서치 끝에 여기로 오게 됐는데, 방은 조금 작지만 욕실 수압도 좋고, 침대 밑 캐리어 넣을 수 있는 공간이 있어서 작은 방이 불편하진 않았어요. 그리고 침대가 정말 편하더라구요. 텐진미나미역까지는 도보 7~8분 걸렸던거 같아요 근처에 식당이나 카페도 많아서 멀리 안나가도 되고, 편의점 3개가 다 모여있어서 정말 편했던거 같아요 외관이 낡고 허름해도 방이 큰걸 선택해야 하나 고민을 많이 했었는데, 결론은 여기로 하길 잘했다 싶더라구요! 건물 외관부터 3층 프론트까지 호텔 분위기가 정말 좋아요. 저녁에는 3층에서 다들 먹을거 먹고 당구치시고 여행온걸 제대로 느낄 수 있었어요! 텐진에 있어서 주변 구경하기 정말 좋습니다 ~~",긍정
407,호텔 마이스테이스 후쿠오카 텐진,호텔,3,긍정,0.506972849,일단 청소서비스가 별도로 1박당 500엔이였습니다. 기본적인 세면도구나 빗도 없었습니다. 위치는 텐진역과 가까워 좋았습니다.,
408,The BREAKFAST HOTEL 후쿠오카 텐진,호텔,5,긍정,0.992227733,살짝 추운거 빼고 최고 조식 최고 체크인 아웃시 한국인 직원 있어요 이가격에 이런데 없어요,긍정
409,코코호텔 프리미어 하카타(구 텐자호텔 하카타 스테이션),호텔,5,긍정,0.993088067,"역에도 가깝고, 실내도 깨끗했습니다.",긍정
410,그랜드 머큐어 벳푸완 리조트 & 스파,료칸,1,부정,0.997761965,"이 호텔은 제가 묵어본 호텔 중 단연 최악입니다. 카펫, 객실, 복도는 온통 얼룩덜룩하고 썩어 있었고, 욕실은 암흑 시대의 유물 같았으며, 에어컨도 작동하지 않아 방은 너무 덥고 답답했습니다. 시내에서 20분 거리인데 왜 이렇게 사람이 많은지 모르겠습니다. 엘리베이터를 타려고 할 때마다 시간이 엄청 오래 걸렸습니다. 아침 식사는 끔찍했습니다. 뛰어다니는 아이들이 저를 들이받았습니다. 마치 메뚜기 떼가 내려와 최대한 빨리,…",부정
411,더 로얄 파크 호텔 후쿠오카 (The Royal Park Hotel Fukuoka),호텔,5,긍정,0.990437329,"또 하카타에 왔을 때는 이용하고 싶습니다. 방 포함하여 호텔이 깨끗하고 역에서도 근처 직원도 친절하고 기분 좋게 이용해 주셨습니다, 감사합니다!",긍정
412,란도오 레지덴셜 호텔 후쿠오카,호텔,1,부정,0.996055365,"⚠️제가 쓴 최악의 후기입니다. 안전을 위해 절대 가지 마세요.⚠️ ***일본 법에 따라 영상 증거를 비공개로 공유할 수 있습니다. 필요하신 분은 연락 주세요.*** [요약] 호텔 직원이 제가 영수증을 제시하고 전액 지불한 객실 키를 주지 않고, 환불도 거부하며, 아무런 이유 없이 폭력적인 태도를 보이고, 투숙객을 따라다니며 위협적으로 노려보고, 사건에 대해 거짓말을 합니다. [상세 내용] 체크인하러 갔을 때 프런트 직원이 처음부터 매우 적대적이었습니다. 제가 정중하고 예의 바르게 말을 걸었음에도 불구하고, 그녀의 행동은 점점 더 심해져서 결국 안전하지 않다고 느껴 제 자신을 보호하기 위해 촬영을 시작했습니다 (저는 혼자 있는 여자였습니다). 제가 왜 촬영하는지 설명했지만, 그녀는 무시했습니다. 촬영하기 전에 ""내가 친절하게 대해주는데 왜 저렇게 행동하는 거야?""라고 물어봤지만 (당시에는 무시당했습니다). 그러자 그녀는 더 화를 내며 자신의 화면(아마도 제 개인 정보였을 겁니다)을 촬영하고, 제가 이야기하는 도중에 문을 쾅 닫고, 벽 뒤에서 물건들을 세게 내리치고, 매니저를 불러서 거짓말을 했습니다. 그녀는 제가 도시세를 내지 않고 이유 없이 촬영했다고 주장했는데, 모두 100% 거짓입니다. 해명: 저는 아무 이유 없이 또는 괴롭히려고 촬영한 것이 아닙니다 (절대 그런 짓은 하지 않습니다). 위에서 언급했듯이 그녀가 너무 위협적이어서 자기방어 차원에서 촬영할 수밖에 없었습니다. 저는 절대 세금 납부를 거부하지 않았습니다. 영수증을 달라고 했을 뿐인데 (이건 일반적인 절차입니다), 다음과 같은 이유로 다시 한번 확인하고 싶었습니다. - 호텔에는 ""프런트 데스크는 무인입니다. 셀프 체크인만 가능합니다""라고 되어 있었는데, 그녀는 거기에 있었습니다. - 그녀는 세금을 요구하기 전부터 매우 방어적이고 적대적이었습니다. - 호텔 측에서는 결제 및 영수증에 ""모든 세금 포함""이라고 강조했습니다. 최근 사기를 당한 적이 있어서 조심하고 싶었습니다. 질문은 10분 정도밖에 걸리지 않았고, 직원이 계속 무시해서 제가 여러 번 물어봤습니다. 정중하게 질문했고, 혹시 바쁘신 건 아닌지 사과까지 했습니다(저희 말고는 아무도 없었습니다). 매니저는 제게 영상 증거를 삭제하라고 했습니다. 저는 상황을 설명하고 CCTV를 확인해 달라고 했습니다. 그는 영수증을 주었지만(여전히 객실 키도 사과도 없었습니다), 그녀는 이번에는 제 바로 앞에서 문을 세게 닫았습니다. 그녀는 계속해서 저를 적대적인 눈빛으로 쳐다보았고, 때로는 섬뜩한 미소를 짓기도 했습니다(이 모든 것이 영상에 녹화되었습니다). 더 이상 머무르는 것이 안전하지 않다고 느껴 전액 환불을 요청했습니다. 하지만 매니저는 제가 Booking.com에서 ""취소"" 버튼을 누르도록 유도하려 했고(그러면 제 권리를 포기하게 됩니다), 어떤 경우에도 환불해 주지 않겠다고 했습니다. 더 최악이었던 건, 휴대폰 배터리가 방전돼서 경찰서에 가려고 했는데 (거기서도 안전하지 않다고 생각했거든요), 그 여자가 경찰서 앞에서 저를 기다리다가 따라와서 쉴 새 없이 노려보며 이를 갈았어요. 마지막으로 정중하게 무슨 문제냐고 물어봤지만, 비웃듯이 ""영어를 못해서 그래""라고 대답했죠. 그 후로 너무 힘들어서 며칠 동안 잠도 못 잤어요. 이 도시, 특히 그 호텔 근처에서는 (혼자 다니는 여자라서 더 불안했어요) 안전하지 않다는 생각이 들었어요. 다시 한번 강조하지만, 그 여자는 아무 이유 없이 그런 행동을 했어요. 도대체 무슨 문제인지 모르겠어요. 인종차별주의자? 외국인 혐오증? 정신적인 문제? 아니면 평소에 남을 괴롭히다가 피해자인 척하는 사람? 이유가 뭐든 간에, 절대 용납할 수 없어요. 이 호텔 평점이 좋아서 속았는데, 정말 끔찍하고 악랄한 곳이에요. 호텔 측은 지금까지도 제 환불 요청을 모두 무시하고 있습니다… 다른 분들이 저와 같은 끔찍한 경험을 하지 않도록 이 글을 공유해 주시면 감사하겠습니다. 🚩🚩🚩🚩 참고: 경찰 신고는 까다로울 수 있다고 들었습니다. 관광객이 완전히 옳더라도 현지인 편을 드는 경향이 있다고 하더군요 (사실인지는 확실하지 않습니다). 일본의 엄격한 사생활 보호법 때문에 위험한 상황에서도 자기방어를 위한 촬영이 어렵다고 합니다. 후쿠오카 여행을 정말 기대했는데, 다른 호텔들은 모두 만족스러웠음에도 불구하고 이번 일로 첫 방문이 망쳐졌습니다.",부정
413,호텔 오리엔탈 익스프레스 후쿠오카 텐진,호텔,5,긍정,0.993640363,"후쿠오카 여행 다녀온 부부입니다. 남편인 제가 솔직한 느낌을 적어보겠습니다. 덴진역에서 걸어서 1~2분이면 도착할수 있고, 직원분들 너무 친절하십니다. 침대 너무 편하고 티비 넷플릭스 있습니다! 연결은 자기 계정으로 QR코드 로그인 하시면 됩니다! 방은 작다고 느끼실수 있습니다. 그건 감안! 아침에 조식을 드실수 있는데 1층으로 내려가시면 왼쪽에 식당 있고 직원분 서 계시는데 룸 번호랑 이름 확인 되면 식사 가능하고 소세지,베이컨,샐러드, 맛있고 특히 빵이 존맛탱입니다. 넓게 되있는 푹신하면서 쫀득쫀득한 빵 있는데 진짜 존맛탱!!!!!! 솔직한 리뷰였습니다.",긍정
414,리치몬드 호텔 텐진 니시도리,호텔,5,긍정,0.99431026,"체크인 전 짐 보관, 체크아웃 후 짐 보관 모두 친절하게 도와주셨고, 2층이 프론트라서 계속 왔다갔다 할 때에 직원분들과 마주해야하는 불편함이 없어요~ 2층 로비에 휴게실도 편합니다~ 체크아웃 후, 짐이 많아서 공항까지 택시를 불러주실 수 있는지 요청드렸는데 빠르게 도와주셔서 진짜 감사했습니다. 텐진 중심부에 있어서 위치 좋았구요! 계속 쇼핑하면서 짐 무거워진다싶으면 숙소에 두고 이동했어요~",긍정
415,Fukuoka Guesthouse CAMP,게스트하우스,4,긍정,0.656219661,"기숙사 에어컨 때문에 방이 펄펄 끓을 수 있지만, 그런 일은 단 하룻밤만 있었습니다. 직원들은 모두 매우 친절했습니다.",긍정
416,솔라리아 니시테츠 호텔 후쿠오카,호텔,5,긍정,0.995481849,"목욕탕과 화장실이 나뉘어져 게다가 욕조 옆에 세탁장이 설치되어 있어 매우 사용하기 쉽고 목욕을 천천히 즐길 수 있었습니다. 매우 놀라운 ❗️ 입지도 텐진의 한가운데에서 게다가 니시테츠 후쿠오카(텐진)역, 지하철 텐진역에 인접하고 있어 틀림없다. 하카타의 강추 호텔입니다. 직원의 서비스도 물론 최고입니다 👍️…",긍정
417,그랜드 하얏트 후쿠오카,호텔,5,긍정,0.984527767,"서비스는 훌륭하고 인상적이었습니다. 객실에서 운하 전망이 멋졌고, 운하 도시에서 하루 종일 시간을 보내기에도 충분했습니다.",긍정
418,힐튼 후쿠오카 씨호크,호텔,1,부정,0.961627781,"이번은, 몇 달이나 전부터 기대하고 있던 라이브 참전(6월 28일 29일) 때문에, 편리성을 중시해 페이페이 돔에 가까운 이쪽의 호텔을 이용했습니다. 다른 호텔에 비해 가격도 거기서 서비스도 물론 기대하고 있었습니다. 그러나, 지금 생각해도 납득이 가지 않는 유감스러운 일이 있었습니다.…",부정
419,니시테츠 그랜드 호텔,호텔,5,긍정,0.994602084,여기에 숙박하는 것이 염원이었습니다. 객실은 넓고 에어컨도 편안합니다. 어메니티도 충실. 폭포가 있는 정원을 바라보면서 아침 식사 최고였습니다 ❗,긍정
420,니시테츠 인 코쿠라,호텔,2,긍정,0.662290752,프론트 스태프 동기부여 웃음 자신이 체크인했을 때에는 이미 다른 손님과 비비고 있었습니다.…,부정
421,후지노엔,료칸,5,긍정,0.731274009,"온천이 좋다. 타격 없음, 거리 없음, 설비 나쁘지만, 싸고, 조금 연습하고, 구근 보는 정도라면 만족 만족",긍정
422,Mars Garden Hotel Hakata,호텔,5,부정,0.68243134,"객실은 매우 깨끗하고 위치도 편리했지만, 대부분의 일본 호텔 객실처럼 다소 작았습니다.",긍정
423,퀸텟사 호텔 후쿠오카 텐진미나미,호텔,2,부정,0.978376627,"소파가 있는 비즈니스 호텔이라고 합니다. 방에 슬리퍼 없었습니다만, 프런트에 연락하면 가져 왔습니다. Wi-Fi는 상당히 느리고, 1장의 사진 보내는데 5.6회 실패할 정도입니다. 라인의 메시지는 보낼 수 있을 때와 실패할 때가 반반. 동영상을 보거나 작업에 인터넷이 필요한 사람에게는 추천할 수 없습니다.",부정
424,그랜드 하얏트 후쿠오카,호텔,4,부정,0.716163576,"클럽 플로어의 체크인이 약간 잘못 나쁜 마이너스 평가. 방은 넓고, 클럽 라운지의 라인업도 좋지만 라운지의 아침 식사는 실망. 더 마켓 에프의 아침 식사는 ◎ 클럽 플로어 이외에 묵으면 좋을 것입니다 만,,,",긍정
425,롯포칸,료칸,2,부정,0.991392016,"가격에 대한 평가 객실 노천탕이 있다고는 해도 2식이 있는 3만의 방이 아닌 후쿠오카 시내에서 1시간이라는 장점 밖에 느껴지지 않는다. 배리어 프리라고 하는 것으로 예약했지만, 주차장은 좁고 배리어 프리 비대응. 식사는 얇고 호감 촉촉하지만, 돼지 사시미가 접시에 붙어있는 것은 고급 스러울 정도로, 평가는 높은 것 같지만, 제 경우에는 다음은없는 여관. 천질은 단순 유황천과의 표기는 알이 유황취는 일절 없고, 미지근함도 느껴지지 않는다.",부정
426,미야코 호텔 하카타,호텔,5,긍정,0.994348466,"최고의 위치에 자리한 아름다운 호텔로 여행의 거점으로 안성맞춤입니다. 세련된 인테리어가 돋보이며, 넓은 객실에는 편안한 침대가 있고 매우 조용합니다. 최상층에는 멋진 온천과 수영장이 있으며, 조식도 훌륭합니다. 조식은 자리가 한정되어 있으니 시간에 맞춰 도착하시는 것이 좋습니다.",긍정
427,APA Hotel Fukuoka Tenjin West,호텔,1,긍정,0.64376235,"여자 혼자 숙박했습니다. (1박) 체크아웃이 10시까지이므로, 9시 전에 기상해 이불 안에서 천천히 하고 있었는데, 9시경에 문을 노크되어 문을 열 수 있었습니다. 도어록을 하고 있었기 때문에 도중까지 밖에 열지 않고, 그 후는 조용히 문이 닫혔습니다.…",부정
428,스마일 호텔 후쿠오카 오카와,호텔,3,긍정,0.51311326,"현지 전시회에서 사용했지만 평범한 비즈니스 호텔이었습니다. 다만, 묵을 만큼의 호텔에 비해서는, 조금 요금이, 높다고 느꼈습니다. 좀 더 싸게 하거나 서비스를 향상시킬지 묻지 않으면 할부가 맞지 않게 느꼈습니다. 입지 조건은 좋고, 가까이에 쵸트한, 번화가가 있어, 파칭코에서, 즐길 수 있는 곳도 있다.",
429,호텔 JAL 시티 후쿠오카 텐진,호텔,5,긍정,0.984274566,"단체 손님은 1층에서, 일반 손님은 2층에서 체크인하여 호텔 투숙객에게 방해가 되지 않도록 배려하고 있습니다. 객실에는 편안한 숙면을 위한 은은한 조명이 설치되어 있으며, 야간에 일어나야 하는 분들을 위한 조명도 마련되어 있습니다. 욕실에는 세면도구가 완비되어 있습니다.",긍정
430,호텔 트라드 하카타,호텔,5,긍정,0.977232099,"우리 상점 근처에 아주 좋은 호텔이 있습니다. 나는 여행객들에게 ""그 호텔은 어땠어?""라고 묻는다. 여러분 모두 「정말 좋은 호텔이었습니다!」라고 말씀하십니다✨…",긍정
431,APA Hotel Hakata Ekimae 3-chome,호텔,1,긍정,0.566265941,"우선, 체크인 전에 짐을 맡기려고 하면 12시 전에 카운터로 가면…",부정
432,APA Hotel ＆ Resort Hakata-Ekihigashi,호텔,5,긍정,0.622077465,"호텔 주차장이 적기 때문에, 만차의 경우 인근에 정차할 필요가 있다",긍정
433,더 라이블리 후쿠오카 하카타,호텔,5,긍정,0.991921306,"드디어! 맥주 서버 제공이 부활했습니다! 병도 세련되지만, 역시 유리로 받을 수 있으면 기쁩니다. 방은 불구하고 세련된. 로비와 2F도 빛나고 활기가 돌아온 것 같아 안심했습니다.",긍정
434,스마일 호텔 후쿠오카 오카와,호텔,5,부정,0.58799994,이름이 바뀌었기 때문에 당황했습니다.,긍정
435,APA Hotel ＆ Resort Hakata-Ekihigashi,호텔,1,긍정,0.529175282,새로운 건물인데 여러가지 유감이었습니다. 대욕장의 탈의장의 시계가 1시간 이상 미쳐 놀랐습니다.…,부정
436,The BREAKFAST HOTEL 후쿠오카 텐진,호텔,5,긍정,0.933578908,직원이 친절한 대응이었습니다.,긍정
437,롯포칸,료칸,4,긍정,0.692823112,방 앞에 광대 한 치쿠고 강의 전망이 펼쳐집니다.,긍정
438,니시테츠 그랜드 호텔,호텔,5,긍정,0.949361563,최고의 호텔에서 감복했습니다.,긍정
439,JAM HOSTEL博多駅前,게스트하우스,5,긍정,0.991494179,"이 작은 호스텔은 며칠 머물기에 완벽했습니다. 침대가 정말 편안했고, 전체적으로 매우 깨끗했습니다. 직원들은 전문적이고 친절했습니다. 공간이 협소해서 모두가 편안하게 지낼 수 있도록 지켜야 할 규칙들이 있습니다 (밤에는 샤워 금지, 공용 공간에서 큰 소리로 이야기하지 않기 등). 하지만 호스텔 구조가 정말 잘 되어 있었습니다! 음식도 훌륭했어요!!",긍정
440,후쿠오카 토에이 호텔,호텔,1,긍정,0.749837399,"로비는 깨끗하고 밝고 넓어 보였지만, 별관은 매우 지저분했습니다. 카펫은 눈에 띄게 더럽고 부분적으로 찢어져 있었습니다. 방음은 괜찮았고 침대는 편안했습니다. 위치도 괜찮았고, 근처에 24시간 슈퍼마켓이 있었습니다.…",부정
441,후쿠오카 하나 호스텔,게스트하우스,5,부정,0.631819606,"위치가 좋고, CP 가치도 높지만, 예약하기가 너무 어렵습니다.",긍정
442,APA Hotel Hakata Eki Chikushiguchi,호텔,1,긍정,0.627750576,"연휴에 숙박했습니다. 프런트도 매우 버터 버터로 하고 있어, 익숙하지 않은 스탭이 우왕좌왕. 그렇지만, 아무리 바쁘다고 해도, 청소가 끝나지 않은 방에 통과되는 것은 용서해 주었으면 합니다.…",부정
443,WITH THE STYLE FUKUOKA,호텔,2,부정,0.99361068,"결혼식을 위해 처음 갔지만, 스탭의 안내도 없이 「여기(광장)에서 기다려 주세요」라고 말해 대세가 기다리고 있는 장소에서 기다리고 있으면 친구가 안에서 식이 있다는 것을 가르쳐 주었다. 채플? 자체의 캐퍼가 없는, 식이 있어 등의 설명도 없음. 또 피로연의 테이블 배치도 나쁘고 다른 테이블과 겹치기 전이 보이지 않거나 신랑 신부의 자리가 다른 테이블과 같은 높이이거나 아무것도 볼 수 없는 상태였다. 스탭의 배치도 최저한이라고 하는 형태로, 요리도 엉망이었습니다(여기 근처는 예산의 관계일지도 모르지만) 외관과 초보의 분위기는 좋다고 생각한다.",부정
444,미야코 호텔 하카타,호텔,3,긍정,0.706583381,"좋은 호텔이라고 생각합니다. 방의 화장실의 소리가, 베팅의 방외까지 들려 와서 싫은 기분이었습니다!",
445,JAM HOSTEL博多駅前,게스트하우스,2,긍정,0.856370747,"아저씨의 이비키로 일어나는 일은 없었습니다만, 외국인의 소리 샤워의 소리 등, 사소한 소리가 둥글게 들리기 때문에 몇번이나 일어났습니다(분)",부정
446,JAM HOSTEL博多駅前,게스트하우스,5,부정,0.977362335,저녘도착이라저렴이캡슐잡음엘베없어서캐리어ㅠ캐리어없으면밤도착이면잠만자고나오면됨딱그정도야좁고소음심하고나무가삐걱됨 좀만움직여도 가격에맞는방같아근데위치가좋아서선택한거야그래도잘쉬엇어위치최고다른곳은멀고다비싸,긍정
447,The Luigans Spa＆Resort,호텔,4,부정,0.58760345,1층 레스토랑만 이용. 스테이크의 런치 세트로 3000엔 정도부터. 사진은 호텔 로비에서 보기,긍정
448,Hotel Grand View Fukuoka Airport,호텔,2,긍정,0.920355618,"공항에서 걸어서 15분 거리인데, 비가 오면 흠뻑 젖을 만한 길입니다. 주변에 아무것도 없어서 불편했어요. 이렇게 좋은 곳에서 셔틀버스가 아침에만, 그것도 운행 시간이 제한적이라는 게 믿기지 않았습니다.…",부정
449,더 원파이브 후쿠오카 텐진,호텔,4,부정,0.513734877,다들 욕해서 울며겨자먹기로 갔는데 괜찮은데용?? 단 1인당 1박당 200엔 내야됩니다ㅠ 그거말곤 수건이랑 세면도구같은건 무제한임다,긍정
450,후쿠오카 산팔레스 호텔 & 홀 (Fukuoka Sunpalace),호텔,2,부정,0.998607099,"매번 기대하고 있지만 이번에는 최악이었습니다. 자신의 주문한 것이 좀처럼 오지 않고, 다른 쪽이 부탁한 것이 옮겨져 왔으니까 확인하면, 주문 다니지 않고, 옆쪽은, 먹을 수 없는 주제에, 풀 자이즈를 부탁하고, 엉망으로 섞은 거구, 남겨 돌아갔다 파르페 자체도 이번에는 그다지 맛있지 않았다. 파란 젤리 같아… 그게 뭐 맛?",부정
451,코코 호텔 후쿠오카 텐진,호텔,3,부정,0.522605658,화장실 옆의 문과 조명의 나이트 테이블 스위치가 깨졌기 때문에 그런 곳은 고쳐 두는 것이 좋다고 생각합니다!,
452,구루메 워싱턴 호텔 프라자,호텔,1,긍정,0.607331753,싱글 룸 같아 매우 좁다 일본의 호텔은 왜 이렇게 어려운가? 쿠루메는 정말 아무것도 없다! ️,부정
453,ANA 크라운 플라자 호텔 후쿠오카,호텔,5,긍정,0.973821998,"비즈니스에서 숙박했을 때, 그 날은 불꽃 놀이였습니다. 호텔내에서 일을 해야 했습니다만, 준비해 주신 방은 불꽃놀이가 보이는 쾌적한 장소였습니다. 평소 일 피로를 풀어주는 걱정이 좋았습니다.",긍정
454,니시테츠 인 코쿠라,호텔,5,부정,0.873225749,귀찮게 보낼 수 있다,긍정
455,종크 호텔 하카타,호텔,1,부정,0.964737654,"호텔에서 여기까지 심한 리뷰 쓰는 것은 평소에는 하지 않지만, 굳이 쓰겠습니다.…",부정
456,크라운 팔레스 키타큐슈 호텔,호텔,1,부정,0.98536253,"설비가 낡아, 유닛 버스의 한 구석에 녹. 보온장치가 없다. 수량 절반 없음. 냉장고, 깊이없이 예상의 1/2로 깜짝. 세탁 얼룩 강. 게다가 옆에 제빙기. 건조기 여과기 및 바. 세탁기 사용하면 의류가 아프기 때문에 추천하지 않습니다. 아침 식사, 밥 요리 오름에 불안. 부족하고 당황해서 짓기 위해 심이 남는다. 업무 슈퍼 식재료, 그리운. 관내 곰팡이 냄새 인상이었습니다. 건물 이용의 된장국이 맛있다!",부정
457,야스라기 나카스,게스트하우스,5,부정,0.545244455,게스트 모이는 룸: 없음 밤 10시 이후 정숙 및 샤워 금지 방은 4명방 2평정도? 가벽으로 방 구분해놨다. 가성비는.....좋...다...,긍정
458,퀸테사 호텔 고쿠라 코믹 앤 북,호텔,1,부정,0.996546447,"서비스 내용과 요금 표시에 오류가 있었음에도 불구하고, 접객업이라고는 생각되지 않는 치열한 대응으로 어지럽혀 버리는 접객이었습니다. 접객 레벨의 낮음과 함께, 방의 청소도 할 수 없었고 화장실 주위는 전객의 것으로 생각되는 머리카락 투성이였습니다. 추가 청소 혹은 방의 변경을 부탁하려고 생각했습니다만, 반대로 또 싫은 생각을 할 가능성이 높았으므로 참아 숙박하기로 했습니다. 최근 몇 년 동안 사용한 호텔 중 가장 낮은 수준의 호텔이었습니다. 숙박하실 때는 나름대로의 각오에서 이용되는 것을 추천합니다. 그러나 위치만 편리합니다.",부정
459,Mars Garden Hotel Hakata,호텔,5,긍정,0.97922647,금연 트윈으로의 예약으로 처음 이용했습니다. 매우 깨끗한 관내입니다. 리셉션에는 작은 수족관이 있습니다.…,긍정
460,나인아워스 나카스카와바타 스테이션,호텔,5,긍정,0.992567062,"정말 멋진 캡슐 호텔이에요! 위치가 최고입니다. 후쿠오카 중심부에 있어서 쇼핑몰, 레스토랑, 나이트라이프 등 모든 것을 편리하게 이용할 수 있어요. 쇼핑몰 안에 있고 지하철역과도 연결되어 있어서 하카타역에서 두 정거장, 공항에서 네 정거장 거리에 있습니다. 쇼핑몰 지하에 위치해 있는데, 정문으로 들어와서 첫 번째 에스컬레이터를 타고 내려가 왼쪽으로 돌면 바로 앞에 있어요. 리셉션에서 QR 코드가 있는 카드를 받으시면 됩니다.…",긍정
461,호텔 트라드 하카타,호텔,5,긍정,0.993715703,"객실 깔끔하고 편하게 잘 묵었어요! 체크인 전,후에 캐리어 맡길 수 있어서 좋았고 카운터에 한국말 잘 하시는분도 계셔서 편했어요 다만 텐진, 하카타역, 캐널시티 등 걸어서 15-20분 정도 걸리는 거리라 마지막날엔 다리 아파서 버스타고 다녔어요 그래도 직원분들 너무 친절하시고 방음 잘되고 좋아서 다음에 후쿠오카가면 또 예약하고싶은 호텔이에요 !",긍정
462,퀸테사 호텔 후쿠오카 텐진 코믹앤북스,호텔,2,부정,0.93116492,"WiFi가 너무 약해서 5Mbps 정도밖에 나오지 않았다. 그것만으로, 다음부터는 다른 숙소를 선택하려고 하는 레벨.",부정
463,씨사이드호텔 트윈즈 모모치,호텔,2,부정,0.985772669,Wi-Fi가 거의 작동하지 않습니다. 전파가 약하다,부정
464,코코호텔 프리미어 하카타(구 텐자호텔 하카타 스테이션),호텔,2,부정,0.968484759,"원래의 레오 팰리스 호텔 시대에 몇번이나 숙박하고 있었으므로, 텐자 호텔에 리브랜드 해, 어떻게 바뀌었는지를 기대하고 있었습니다만, 주차장이 부지 내에서 요 그 제휴처를 대신한 일이나 방의 이동 등, 조금 실망스러운 결과였습니다.",부정
465,The Luigans Spa＆Resort,호텔,2,부정,0.950046957,직원의 접객에는 보라 있다. 물론 없다.,부정
466,EN 호텔 하카타,호텔,5,부정,0.994087338,"제 실수입니다만, 날에 실수로 예약해 버렸습니다. 예약 사이트의 이용 규약에는 어떠한 이유라도 환불은 할 수 없다고 하는 기술이 있어, 별도 새롭게 비어 있는 방의 예약을 생각하면 2배의 지출이 되는 것은 어쩔 수 없는가라고 포기하고 있었습니다만,…",긍정
467,The Luigans Spa＆Resort,호텔,2,긍정,0.732980967,완전히 작은 어린이와 함께 호텔입니다. 커플 방향이 아닙니다. 호텔 입구에 들어갔을 때 패밀리가 될 것이라고 생각했습니다. 고급감을 요구하지 않으면 가족 동반에 좋다고 생각합니다.,부정
468,더 레지덴셜 스위트 후쿠오카,호텔,5,긍정,0.989487767,방에 세탁기가 있어 편리해!,긍정
469,The Luigans Spa＆Resort,호텔,1,긍정,0.727208018,"산후 케어 호텔로서 이쪽을 이용했습니다만, 산후 케어의 조산사씨등이 몹시 좋았던 만큼 호텔측의 대응이 심해서 유감이었습니다. 12시 ~ 체크인에서 수유 등이 겹쳐 늦게 가버린 우리도 나빴던지도 모릅니다만, 레스토랑의 입구의 접수에는 아무도 없고, 안쪽까지 주위를 바라봐도 소리를 어쩔 수 없는 사람조차 없다. 사전에 오는 것도 몇 달 전부터 알고 있고, 가족이 추가로 이용하는 것도 전하고 있는데 왜 기다렸는지 모른다. 뷔페의 설명도 빨리 다리로 설명되어, 테이블은 앞쪽의 잔의 물방울은 톱, 부탁한 파스타는 전언 잊혀지고 있어, 30분 지나고 이쪽이 전해 발각했다! 그 후의 디저트 어쨌든 기다려 지나서, 제공 시간에 길다고 느껴, 먹지 않고 레스토랑을 나왔다! 추가로 높은 요금을 지불해 이 대응으로 산후 케어로서 이용하는 일은 있어도 여행 등에서는 두 번 오지 않습니다. 다른 쪽도 쓰여져 있습니다만, 호텔의 지면 앙케이트에도 썼습니다만, 무엇 없었던 것처럼 이쪽도 스루 되어, 이쪽에 코멘트 남깁니다.",부정
470,도미 인 프리미엄 하카타 캐널시티 마에,호텔,5,긍정,0.994053543,"출장이 많은 나는 전국의 도미인 들어가고 있습니다. 온천과 사우나가 있으면 일의 질이 바뀝니다. 온천의 온도가 낮은 것과 외기욕까지 다리를 목욕에 넣지 않으면 안되는 것이 신경이 쓰입니다만, 샘질도 좋고 청결감도 있어 또 가고 싶어지는 호텔.",긍정
471,램프라이트북스호텔 후쿠오카,호텔,2,긍정,0.817699254,화장실은 더럽다. 책은 더럽다. 아르바이트 감각의 호텔. 호텔을 핥는다. 이 정도로 세련된! 라고 기뻐하는 사람만 이용하면 된다.,부정
472,그랜드 하얏트 후쿠오카,호텔,5,긍정,0.506615996,"호텔 저녁 🍽 과연 그랜드 하얏트, 고급 코스, 고급 서비스였습니다. 다시 묻고 싶습니다.…",긍정
473,미야코 호텔 하카타,호텔,5,긍정,0.995441914,"하카타 역 바로 입지도 좋고, 매우 깨끗하고, 보안도 제대로 하고 있었습니다! 아침 식사도 호화롭고 아침부터 텐션 오릅니다!",긍정
474,호텔 트라드 하카타,호텔,3,긍정,0.584778666,"호텔은 괜찮았고 꽤 새 건물이었어요. |위치는 최고는 아니지만 (하카다역에서 도보 10~15분 거리) 괜찮았어요. |방 크기는 작았지만 일본 호텔 기준으로는 흔한 일이죠. |하지만 객실 청소 서비스는 예상외로 형편없었어요. 빈 물병이랑 음식 포장 용기가 쓰레기통 옆에 여러 개 놓여 있었는데, 쓰레기통이 너무 작아서 버릴 수가 없었거든요. 제가 체크아웃하는 날까지 그대로 있었어요. 일본 호텔이 원래 그런 건지는 모르겠지만요.…",
475,호텔 캐비너스 후쿠오카,호텔,1,부정,0.712787747,프런트의 남성의 카스 상태 레스토랑 사카모토? 남성 직원 접객 핥기 너무…,부정
476,더 베이직스 후쿠오카,호텔,1,부정,0.972842097,"그 쪽의 지하 주차장을 이용해, 권을 분실했으므로, 우선은 호텔 측에 문의하면 「여기의 숙박 이용입니까?」라고 말해져, 「다릅니다」라고 대답하면 손바닥 되돌린 대로 「당 호텔은 주차장과는 일절 관계 없기 때문에」라고 차갑게 다루어졌습니다. 숙박객에게는 주차권 발권하는데 일절 관계없는 것은 이상하지 않습니까?…",부정
477,캐널시티 후쿠오카 워싱턴 호텔,호텔,2,부정,0.917272151,하카타에서 멀지만 커낼에선 가깝다. 하지만 커낼은 하루만 지나가도 될 정도인데 굳이 숙박까진 필요없다. 방음이 안되고 시끄러운 중국인들이 너무 많다,부정
478,호텔 캐비너스 후쿠오카,호텔,1,부정,0.923182428,“프라이버시 침해와 의문의 대응(회사측에 회답 요구합니다) . 이 숙소에 10년간 100박 이상 숙박하겠습니다. 그만큼 안심하고 쾌적하게 지금까지 숙박해 왔습니다. 단지 이번 믿을 수 없는 스탭의 행동…,부정
479,종크 호텔 하카타,호텔,1,부정,0.993155658,"하카타에서 호텔 세 곳에 묵었는데, 여기가 제일 추천하지 않습니다.",부정
480,호텔 홋케클럽 하카타,호텔,2,부정,0.996666491,욕실에 머리카락청소도 안되고 별로였음 다음엔 가고싶지않음 인근 공영주차장이 있고 저녁부터 아침시간까지 2천엔정도 나옴 호텔조식은 그럭저럭 한끼정도 해결할정도임,부정
481,The OneFive Marine Fukuoka,호텔,2,긍정,0.83845675,"🌟2.5 방은 기본 자는 것만으로 충분했습니다만, 역시 욕실 화장실이 좁다………😅 필요한 어메니티류는 프런트 에리어에서 각자 가지고 갑니다(방에는 타월류만 있음) 1F가 주차장, 10F에 리셉션이 있습니다. 주거 지역에 있으며 조용하고 편의점도 근처에 있습니다. 주의⚠️창입니다만, 소방대 입구의 곳 기본 열지 않을 것(시정하고 있을 것)입니다만 비웠던 위험이에요‼ ️🤔",부정
482,HOTEL MYSTAYS Fukuoka Tenjin Minami,호텔,5,긍정,0.991531372,역에서 조금 떨어져 있고 불편한 장소에 있지만 번화가에서 가깝고 매우 편리했습니다.,긍정
483,グームホテル中洲,게스트하우스,2,부정,0.997698843,별로에요 모기 대박 시끄럽고 젠장,부정
484,후쿠오카 토에이 호텔,호텔,2,부정,0.937930584,"후쿠오카 시내에서 큰 이벤트가 있어, 평상시 사용하는 호텔을 예약할 수 없고, 토에이 호텔에 도착했습니다. 처음의 이용이었습니다만, 외관, 내장, 실내나 접수의 사람의 분위기가 매우 좋은 인상이었습니다. 그러나, 수건의 노란 기미, 공기 청정 가습기의 급수 탱크 전체의 누메누메, 금연의 방이었습니다만 난방으로 하면 담배 냄새가 방 전체에 퍼졌습니다. 수건, 가습기는 사용할 수 없고, 방의 담배 냄새에 불쾌하게 느꼈습니다. 다음에 이용하고 싶다고 하면 미묘. 분위기가 좋은만큼 유감스러운 인상입니다.",부정
485,리치몬드호텔 후쿠오카 텐진,호텔,4,부정,0.578720748,"위치는 정말 좋고 직원들도 매우 친절합니다. 별 5개 만점에 5개를 줄 수 있었는데, 금연실을 요청했는데 흡연실을 배정받았고 객실 내 충전기가 작동하지 않아서 별 하나를 뺐습니다. 조식은 별로이니 근처에 있는 그램 팬케이크 카페 같은 식당을 이용하는 게 좋습니다.",긍정
486,호스텔 토키,게스트하우스,5,긍정,0.990733624,사장님이 이쁘시고 친절하시고 남자 어르신이랑 남자 성인분도 잘 해주세요 사장이 깨끗하고 친절하고 남성 노인과 남성 성인 분들도 잘 해주세요. 다음도 놀러 온다고 생각합니다.,긍정
487,캐널시티 후쿠오카 워싱턴 호텔,호텔,1,긍정,0.596136212,샴푸 중에 샤워헤드가 빠져 나왔다. 허리가 아파서 왠지 떠올리면 샤워헤드가 떨어졌을 때 허리에 닿았다. 머리 위의 높이에서 떨어졌기 때문에 이것이 발가락에 떨어지면 골절되었을 수 있습니다.…,부정
488,씨사이드호텔 트윈즈 모모치,호텔,2,긍정,0.988337219,"후쿠오카 타워, 후쿠오카 돔이 가까운 가격도 합리적입니다. 객실은 일반 비즈니스 호텔입니다. 이 에리어는 호텔이 적기 때문에, 후쿠오카 돔에서 이벤트가 있는 경우는 만실이 되기 쉽다.",부정
489,코코 호텔 후쿠오카 텐진,호텔,3,긍정,0.615906417,객실은 편안하고 편의 시설도 좋습니다. |침대는 넓고 기능적입니다. |TV 리모컨이 깨져서 볼 수 없었습니다.,
490,롯포칸,료칸,4,긍정,0.691868603,객실내 노천탕이 있는 방으로 묵어서 가격은 좀 비쌌지만 노천탕이 너무 좋다 뷰도 좋고 사이즈도 넓음 다만 저녁 가이세키가 좀 아쉬움 맛이 없는건 아니지만 특별히 맛있다라고 느끼기는 어렵다,긍정
491,湧水千石の郷,료칸,5,부정,0.638575733,엄청난 메뉴가 풍부합니다.,긍정
492,APA Hotel ＆ Resort Hakata-Ekihigashi,호텔,1,부정,0.998908877,서비스 전반에 최악. 아침 식사를 했지만 먹는 것이 보조되지 않는다. 점원은 휴대폰을 만지면서 주방에서 말하고 있는 시말. 최악의 서비스로 불쾌. 돈 돌려주고 싶다.,부정
493,Hotel Vista Fukuoka Nakasu-Kawabata,호텔,5,긍정,0.990669727,이렇게 편리한 호텔에 묵었습니다. 큰 목욕탕도 좋지만 방에서 천천히 목욕탕에 들어가는 것이 좋습니다.,긍정
494,WITH THE STYLE FUKUOKA,호텔,1,부정,0.995431423,직원의 질이 나쁘다. 다시 가지 마라.,부정
495,코트 호텔 후쿠오카 텐진,호텔,2,부정,0.946869135,괜찮긴 하지만 그렇게 추천하지는 않음,부정
496,The BREAKFAST HOTEL 후쿠오카 텐진,호텔,1,부정,0.997397184,융통이 전혀 효과가 없다. 내가 방문한 일본의 호텔 중에서도 최저 랭크. 매우 친구에게는 추천 할 수 없습니다.,부정
497,더 블라섬 하카타 프리미어,호텔,1,부정,0.998650849,"정말 끔찍해요! 최악이에요! 청소를 3일에 한 번씩만 하는데, 그것도 쓰레기통 비우고 수건만 갈아주는 게 전부예요! 침대, 바닥, 욕실은 아예 청소도 안 되어 있어요. 정말 용납할 수 없어요! 이렇게 끔찍한 경험은 처음이에요! 이 호텔을 예약하신다면, 각오 단단히 하세요!",부정
498,호텔 마이스테이스 후쿠오카 텐진,호텔,1,부정,0.998596251,"객실 설비와 비품은 파손되고 긁힌 자국이 많았으며, 벽은 수리나 관리가 전혀 되지 않은 채 얼룩져 있었습니다. 엘리베이터 바닥 타일은 깨져 있었고요. 일본에서 묵었던 호텔 중 최악이었습니다. 꽤 오래된 호텔인데도 제대로 관리가 안 되어 있으면서도 새롭고 잘 관리된 호텔과 똑같은 가격을 받고 있었습니다. 특히 프런트 데스크 직원이 불친절하고 비전문적이었던 점은 일본에서 처음 경험하는 일이었습니다. 다른 곳에 묵는다면 절대 후회할 겁니다.",부정
499,더 베이직스 후쿠오카,호텔,5,긍정,0.994790554,"출장, 여행 등으로 동급 호텔에 많이 묵어봤지만 그 중 제일 좋았어요. 비즈니스호텔 치고는 객실도 넓고 침대도 편했어요. 객실 구석구석 배려가 느껴졌구요. 로비도 멋져서 호텔 답고 여행 온 기분이 느껴져 좋았어요. 직원 분들도 친절하고 프로다워서 좋은 서비스에 감사했습니다. 사실 텐진 쪽 지역을 더 좋아하지만 그럼에도 다소 이동에 시간을 들여도 다음 후쿠오카 여행에서도 다시 가고 싶습니다.",긍정
500,그랜드 머큐어 벳푸완 리조트 & 스파,료칸,2,부정,0.9680323,"호텔은 좀 오래됐고, 음식도 별로였어요. 헬로 키티 방이 아니었으면 안 갔을 거예요. 참고로, 방에 있던 인형들도 좀 더러웠어요.",부정
